PARAMETER,KIND,TRANSFORM,SIMULATED,SAMPLE,INITIAL,ESTIMATE,ERROR_PCT
CLP,mean,L,0.00644,0.006977,0.01,0.006327,-1.7
SIGMA1,mean,O,0.95,0.9506,0.9,0.9227,-2.9
SIGMA2,mean,O,0.512,0.513,0.6,0.5142,0.4
KSS,mean,L,0.99,0.9837,2,1.039,5
KSYN,mean,L,0.376,0.373,0.2,0.3568,-5.1
CLP,variance,L,0.09,0.08218,1,0.04815,-46.5
SIGMA1,variance,O,0.01,0.01077,1,0.01,0
SIGMA2,variance,O,0.01,0.009142,1,0.01,0
KSS,variance,L,0.09,0.1108,1,0.07047,-21.7
KSYN,variance,L,0.09,0.09462,1,0.0996,10.7
SDIN,residual,,0.05,NA,0.1,0.04002,-20
SDSL,residual,,0.12,NA,0.2,0.1164,-3
