ITER,OBJ,CLP,SIGMA1,SIGMA2,KSS,KSYN,CLP~CLP,SIGMA1~SIGMA1,SIGMA2~SIGMA2,KSS~KSS,KSYN~KSYN,SDIN,SDSL,ESS
1,2765.83,0.00818675,0.904694,0.587897,1.59114,0.276622,1,1,1,1,1,0.0429956,0.144832,35.7707
2,2542.18,0.00698328,0.913042,0.573615,1.34459,0.324312,1,1,1,1,1,0.0393313,0.125085,25.4725
3,2508.49,0.0061867,0.915258,0.560286,1.19156,0.352007,1,1,1,1,1,0.0392017,0.117308,23.3388
4,2500.39,0.00594519,0.919441,0.550842,1.16452,0.362249,1,1,1,1,1,0.0391189,0.116194,27.9621
5,2496.59,0.00526754,0.919945,0.532946,1.11549,0.383251,1,1,1,1,1,0.0395883,0.114824,29.1834
6,2498.47,0.00498434,0.925174,0.525943,1.10784,0.394064,1,1,1,1,1,0.0394272,0.114605,31.5817
7,2487.69,0.00481109,0.924041,0.525975,1.07436,0.396212,1,1,1,1,1,0.0395599,0.114144,31.3142
8,2479.48,0.00446,0.921244,0.517992,1.06146,0.409471,1,1,1,1,1,0.0394768,0.114386,30.0782
9,2487.76,0.00427291,0.921325,0.517324,1.10325,0.415628,1,1,1,1,1,0.0394723,0.114623,33.8375
10,2489.71,0.00418627,0.922089,0.516037,1.1132,0.426311,1,1,1,1,1,0.0395991,0.114495,33.1662
11,2488.02,0.00403238,0.916979,0.516458,1.07642,0.433393,1,1,1,1,1,0.039726,0.114482,32.1761
12,2490.5,0.00413932,0.918574,0.512228,1.12631,0.429124,1,1,1,1,1,0.0396249,0.114796,33.6641
13,2491.23,0.00421383,0.919409,0.514879,1.15132,0.421485,1,1,1,1,1,0.0395324,0.114618,32.7178
14,2486.72,0.00435403,0.921731,0.519912,1.11236,0.42681,1,1,1,1,1,0.0392063,0.114446,30.7331
15,2487.19,0.00405172,0.925057,0.515863,1.09592,0.44229,1,1,1,1,1,0.0398077,0.114598,29.5071
16,2485.94,0.00400163,0.92116,0.512705,1.0598,0.433437,1,1,1,1,1,0.0396562,0.113924,31.0432
17,2488.75,0.00373811,0.920254,0.50785,1.09671,0.433655,1,1,1,1,1,0.0396815,0.115269,31.4101
18,2492.05,0.00388582,0.920927,0.506177,1.06019,0.441238,1,1,1,1,1,0.0399833,0.115465,31.7668
19,2484.27,0.00368543,0.91859,0.508363,1.07782,0.435572,1,1,1,1,1,0.0394514,0.115726,31.0216
20,2486.78,0.00380216,0.916365,0.512209,1.04734,0.421812,1,1,1,1,1,0.0395309,0.11538,30.8411
21,2492.01,0.0038419,0.917107,0.511497,1.08659,0.425049,1,1,1,1,1,0.039775,0.115022,31.9518
22,2483.9,0.00367428,0.913643,0.509446,1.05886,0.436627,1,1,1,1,1,0.0395519,0.115092,33.2335
23,2485.35,0.00385234,0.914972,0.516083,1.06035,0.428147,1,1,1,1,1,0.039866,0.113909,31.6342
24,2485.13,0.00376555,0.913007,0.514612,0.975996,0.416699,1,1,1,1,1,0.039808,0.113876,29.9093
25,2490.39,0.00381712,0.913433,0.512921,0.994972,0.416706,1,1,1,1,1,0.0400793,0.115056,33.467
26,2498.19,0.00375058,0.909796,0.513351,0.995876,0.422206,1,1,1,1,1,0.0402051,0.114811,33.6352
27,2486.6,0.00377103,0.910973,0.516749,1.05617,0.42854,1,1,1,1,1,0.0396876,0.114666,33.0204
28,2486.65,0.00376816,0.90719,0.521174,1.02702,0.419073,1,1,1,1,1,0.0400157,0.114237,31.2669
29,2484.94,0.00377164,0.904247,0.52371,1.01008,0.415472,1,1,1,1,1,0.0395982,0.113948,30.4235
30,2488.24,0.00399668,0.902141,0.523444,1.03525,0.415693,0.596609,0.97525,0.97525,0.854549,0.384397,0.0395757,0.113199,29.9635
31,2458.62,0.00419485,0.903291,0.515811,1.01802,0.407328,0.422535,0.9505,0.9505,0.73156,0.226768,0.0395463,0.114833,30.5393
32,2442.22,0.00433903,0.90926,0.511413,1.02511,0.403454,0.330666,0.92575,0.92575,0.659152,0.162703,0.0391665,0.114586,35.1826
33,2432.08,0.0044957,0.910404,0.513937,1.03635,0.401653,0.263419,0.901,0.901,0.630637,0.132164,0.0392914,0.114968,43.8236
34,2424.64,0.00458377,0.909329,0.513104,1.02429,0.4005,0.221586,0.87625,0.87625,0.617377,0.119031,0.0393873,0.115568,44.6363
35,2417.99,0.00465395,0.907804,0.512608,1.06003,0.399394,0.196633,0.8515,0.8515,0.606042,0.101926,0.0395293,0.114347,49.4374
36,2413.85,0.00469618,0.907309,0.511527,1.05656,0.40167,0.170913,0.82675,0.82675,0.554947,0.0985907,0.0394493,0.115394,57.1017
37,2412.5,0.00479206,0.90817,0.512718,1.06776,0.400275,0.141536,0.802,0.802,0.504489,0.0888415,0.0391748,0.114937,58.7729
38,2409.59,0.00494446,0.910212,0.51145,1.05348,0.395864,0.12499,0.77725,0.77725,0.462053,0.0852158,0.0393821,0.115081,60.6818
39,2408.16,0.00502183,0.911139,0.511831,1.06973,0.395078,0.114223,0.7525,0.7525,0.431314,0.0805501,0.0391675,0.115144,61.5834
40,2403.73,0.00509462,0.910366,0.513753,1.05352,0.392259,0.100293,0.72775,0.72775,0.407627,0.079756,0.0390758,0.115385,65.6618
41,2404.7,0.00513126,0.910964,0.513278,1.07102,0.391141,0.0908627,0.703,0.703,0.407446,0.0802758,0.0392077,0.114919,66.5763
42,2400.68,0.00523701,0.912166,0.513375,1.06456,0.391828,0.0806383,0.67825,0.67825,0.388366,0.0810861,0.0394496,0.115274,67.3989
43,2398.4,0.00534428,0.912646,0.513856,1.05868,0.389136,0.07395,0.6535,0.6535,0.366889,0.0812353,0.0395296,0.115381,72.3075
44,2396.77,0.00538015,0.913722,0.511697,1.05268,0.389215,0.0693281,0.62875,0.62875,0.346526,0.0798849,0.0391577,0.115713,71.2773
45,2394.13,0.00542114,0.914494,0.510274,1.06713,0.387752,0.0637737,0.604,0.604,0.339575,0.0789381,0.0394821,0.115618,79.1603
46,2392.64,0.00549247,0.915223,0.512431,1.06403,0.387729,0.05937,0.57925,0.57925,0.33161,0.0810053,0.0392233,0.116272,77.817
47,2390.99,0.00552583,0.914925,0.512983,1.05452,0.38562,0.0551686,0.5545,0.5545,0.317329,0.0809247,0.0397745,0.114758,79.8995
48,2387.1,0.00554803,0.914626,0.512565,1.06665,0.383597,0.0520252,0.52975,0.52975,0.308613,0.083997,0.0393772,0.115361,81.5487
49,2382.13,0.00562896,0.914102,0.513378,1.07736,0.381802,0.0490185,0.505,0.505,0.294344,0.0855647,0.039389,0.114671,80.9413
50,2382.03,0.0056364,0.916309,0.511665,1.07125,0.382843,0.0465885,0.48025,0.48025,0.280134,0.085511,0.0397466,0.115194,82.531
51,2385.95,0.00565442,0.917669,0.511838,1.06682,0.384979,0.0457395,0.4555,0.4555,0.271154,0.088133,0.0394433,0.115616,82.3774
52,2377.95,0.00566784,0.91753,0.510222,1.0697,0.384609,0.0428599,0.43075,0.43075,0.257171,0.0875956,0.0393571,0.115923,83.5345
53,2374.72,0.00570786,0.917655,0.512528,1.06797,0.384512,0.0429746,0.406,0.406,0.253816,0.0877066,0.0397215,0.115679,85.3661
54,2372.05,0.00570996,0.918147,0.509739,1.07783,0.38419,0.0426497,0.38125,0.38125,0.245602,0.0871997,0.0394032,0.115458,89.528
55,2372.24,0.00574264,0.91926,0.509196,1.07089,0.384486,0.0419293,0.3565,0.3565,0.238635,0.0928899,0.0393328,0.115216,91.5983
56,2367.69,0.00575261,0.919565,0.509674,1.07386,0.384181,0.0397965,0.33175,0.33175,0.231013,0.0894387,0.0394197,0.115198,91.1233
57,2363.91,0.00575511,0.920394,0.507991,1.06636,0.384563,0.0394649,0.307,0.307,0.226449,0.0894552,0.0395132,0.115652,91.6631
58,2364.52,0.00579065,0.92092,0.508419,1.07534,0.383327,0.0386552,0.28225,0.28225,0.219508,0.0905274,0.0396881,0.114814,94.2949
59,2357.22,0.00580935,0.922068,0.507007,1.06909,0.384818,0.0377926,0.2575,0.2575,0.214431,0.0906454,0.0395096,0.114969,92.2341
60,2356.83,0.00584619,0.921718,0.507131,1.06511,0.384066,0.0356322,0.23275,0.23275,0.208355,0.0907978,0.0393525,0.115401,96.9466
61,2354.2,0.00587161,0.922482,0.507324,1.08052,0.383847,0.0356221,0.208,0.208,0.205292,0.0908008,0.0395022,0.115025,100.172
62,2349.25,0.00587186,0.922385,0.506233,1.08626,0.38411,0.0359302,0.18325,0.18325,0.198558,0.0907099,0.0397125,0.114963,100.472
63,2344.96,0.0058813,0.922586,0.507194,1.07969,0.383774,0.0350203,0.1585,0.1585,0.191796,0.0926693,0.0395923,0.114624,102.981
64,2342.4,0.00589045,0.922896,0.50701,1.08183,0.384673,0.0350224,0.13375,0.13375,0.189701,0.0938766,0.0396339,0.114901,100.12
65,2336.06,0.00591316,0.923321,0.507913,1.08537,0.384464,0.0339421,0.109,0.109,0.188287,0.0933706,0.0396182,0.114249,103.164
66,2332.82,0.0059426,0.922942,0.507752,1.09493,0.384232,0.0350304,0.08425,0.08425,0.185694,0.0961319,0.0392076,0.114535,102.937
67,2326.94,0.00596305,0.922874,0.507942,1.08676,0.382776,0.0342333,0.0595,0.0595,0.177654,0.0958354,0.0396039,0.114594,102.134
68,2323.87,0.00598555,0.922519,0.508388,1.08386,0.380823,0.0343756,0.03475,0.03475,0.175837,0.0964144,0.0395572,0.114818,102.26
69,2319.06,0.0059956,0.922545,0.509429,1.08138,0.379288,0.0358,0.01,0.01,0.170518,0.0961309,0.0396786,0.114693,94.4419
70,2322.79,0.00604184,0.922572,0.509584,1.08389,0.373878,0.0396957,0.01,0.01,0.168773,0.0971295,0.0399381,0.116346,59.824
71,2319.13,0.00606736,0.92253,0.509401,1.08778,0.37196,0.0407632,0.01,0.01,0.163251,0.0954,0.0398532,0.116529,129.009
72,2319.43,0.00609893,0.922619,0.509455,1.08251,0.370188,0.0428319,0.01,0.01,0.161301,0.0947225,0.0397031,0.116403,130.72
73,2319.02,0.00611934,0.922589,0.509974,1.08485,0.370162,0.0442065,0.01,0.01,0.15752,0.0945132,0.0395417,0.116182,128.514
74,2320.92,0.00614417,0.922618,0.510053,1.08486,0.368507,0.0452255,0.01,0.01,0.151313,0.0949914,0.0395754,0.116507,127.73
75,2322.56,0.00617048,0.922606,0.510548,1.0907,0.367451,0.0470566,0.01,0.01,0.148868,0.0968116,0.0398482,0.116905,122.966
76,2319.52,0.00618406,0.922724,0.511092,1.08446,0.366703,0.0483155,0.01,0.01,0.148651,0.0967427,0.0398828,0.116394,125.732
77,2319.7,0.0061863,0.922724,0.511495,1.08369,0.36696,0.0484895,0.01,0.01,0.149246,0.0956783,0.0398118,0.116151,125.307
78,2318.44,0.00620125,0.922724,0.511402,1.07953,0.366553,0.0492457,0.01,0.01,0.147374,0.0972195,0.0398362,0.11633,127.116
79,2321.74,0.00621399,0.922607,0.511676,1.07965,0.364599,0.0502724,0.01,0.01,0.1502,0.0972884,0.039727,0.116853,125.408
80,2321.73,0.00622416,0.922948,0.511887,1.07276,0.363565,0.0511695,0.01,0.01,0.150734,0.0966605,0.0398959,0.116844,123.87
81,2320.41,0.00623537,0.922983,0.51235,1.0759,0.364012,0.0511761,0.01,0.01,0.149802,0.0945544,0.0397033,0.116379,122.75
82,2319.51,0.00622293,0.923135,0.512284,1.07433,0.36474,0.0503237,0.01,0.01,0.14739,0.0944696,0.0395613,0.116358,124.911
83,2319.69,0.00622388,0.923156,0.512273,1.07261,0.364479,0.0508053,0.01,0.01,0.140964,0.0937816,0.0395611,0.11676,126.305
84,2320.29,0.00622195,0.923253,0.512396,1.07064,0.364806,0.0523005,0.01,0.01,0.139003,0.0929244,0.039826,0.11587,126.683
85,2321.2,0.00621453,0.923224,0.512948,1.06608,0.364545,0.0527341,0.01,0.01,0.136182,0.0936451,0.0397997,0.116082,124.333
86,2319.24,0.00625035,0.923237,0.512996,1.05631,0.363863,0.0515277,0.01,0.01,0.136222,0.0955916,0.039905,0.116893,125.05
87,2319.98,0.00625377,0.923217,0.512948,1.05879,0.362329,0.0517626,0.01,0.01,0.134534,0.0968276,0.0398338,0.11704,125.015
88,2319.81,0.00624754,0.923156,0.512803,1.06235,0.362713,0.0514416,0.01,0.01,0.132302,0.0970751,0.0398941,0.116216,123.522
89,2319.46,0.0062534,0.923171,0.512882,1.05939,0.363314,0.0502689,0.01,0.01,0.132107,0.0971537,0.0399145,0.116454,125.069
90,2320.81,0.00625599,0.923239,0.512977,1.05995,0.363605,0.051646,0.01,0.01,0.133143,0.096528,0.0400154,0.116258,125.32
91,2319.85,0.0062516,0.92321,0.512467,1.05771,0.363816,0.0528289,0.01,0.01,0.13336,0.0967975,0.039908,0.116002,122.937
92,2320.99,0.00623914,0.923373,0.512226,1.05741,0.363662,0.0516365,0.01,0.01,0.132667,0.0961214,0.0400975,0.116671,125.339
93,2319.87,0.00624951,0.923443,0.511976,1.06357,0.36265,0.0521483,0.01,0.01,0.132064,0.0973092,0.0399641,0.11591,124.187
94,2319.46,0.00627563,0.923406,0.512456,1.05915,0.362008,0.0522918,0.01,0.01,0.132263,0.0993942,0.0398567,0.116272,123.44
95,2321.12,0.00628286,0.923331,0.512545,1.06363,0.362741,0.0516867,0.01,0.01,0.132776,0.0995056,0.0399658,0.116821,123.986
96,2319.75,0.00626387,0.92335,0.512379,1.06213,0.363219,0.0506548,0.01,0.01,0.132889,0.0973054,0.0394547,0.116495,126.541
97,2319.4,0.00623944,0.92339,0.51211,1.07025,0.363829,0.0507542,0.01,0.01,0.128859,0.0947957,0.0398224,0.115866,125.712
98,2318.34,0.0062411,0.923504,0.512508,1.07039,0.364793,0.050349,0.01,0.01,0.127987,0.0941407,0.0398218,0.116305,126.173
99,2320.15,0.00624575,0.923538,0.512754,1.06918,0.364475,0.0499002,0.01,0.01,0.126139,0.0959415,0.0399,0.115944,128.001
100,2320.42,0.00623743,0.923615,0.51265,1.06772,0.364487,0.0505745,0.01,0.01,0.121481,0.0952027,0.0401365,0.116665,124.638
101,2318.14,0.00624701,0.923577,0.512395,1.06879,0.363647,0.0499104,0.01,0.01,0.122937,0.0960478,0.0398812,0.116169,127.269
102,2319.46,0.00623384,0.923529,0.512372,1.06317,0.363671,0.0514925,0.01,0.01,0.120121,0.0959554,0.0396463,0.115952,125.255
103,2319.5,0.00626459,0.923632,0.512474,1.0632,0.362422,0.0513415,0.01,0.01,0.120515,0.0959841,0.0397534,0.116238,126.107
104,2319.88,0.00627909,0.923776,0.512913,1.05895,0.362332,0.0508352,0.01,0.01,0.121188,0.0969471,0.0398644,0.116113,127.815
105,2320.27,0.00630026,0.923815,0.51305,1.05449,0.362006,0.0511549,0.01,0.01,0.120733,0.0979878,0.0400167,0.116511,123.915
106,2319.44,0.00630005,0.923908,0.513318,1.05352,0.361397,0.0515874,0.01,0.01,0.121302,0.0953498,0.0401081,0.116342,126.065
107,2319.71,0.00633452,0.923828,0.513073,1.05442,0.360734,0.0497663,0.01,0.01,0.119365,0.0963327,0.0399431,0.116531,125.964
108,2319.2,0.00632426,0.923772,0.513346,1.05216,0.360881,0.0484505,0.01,0.01,0.118269,0.0965618,0.0400695,0.116442,125.947
109,2318.44,0.00632629,0.923724,0.513492,1.0546,0.360918,0.0481409,0.01,0.01,0.117596,0.0970277,0.0399682,0.116728,130.628
110,2320.93,0.00631911,0.923668,0.51337,1.05198,0.360717,0.0491007,0.01,0.01,0.119814,0.0980532,0.0401443,0.11609,124.444
111,2319.2,0.00630237,0.923602,0.513476,1.04705,0.361035,0.04857,0.01,0.01,0.122203,0.0992225,0.0397309,0.116412,127.742
112,2318.95,0.00629543,0.923482,0.513333,1.05042,0.361335,0.0493814,0.01,0.01,0.1213,0.09949,0.0397721,0.11656,125.802
113,2318.94,0.00631869,0.923534,0.513379,1.05195,0.359574,0.0492288,0.01,0.01,0.119566,0.101135,0.0399179,0.116428,127.019
114,2318.28,0.00629548,0.923546,0.512966,1.04911,0.359567,0.0474709,0.01,0.01,0.116873,0.0996066,0.0400931,0.116575,127.342
115,2321.04,0.0062956,0.923505,0.512731,1.05106,0.360748,0.047687,0.01,0.01,0.115181,0.100212,0.039847,0.116669,124.353
116,2320.17,0.00626287,0.92346,0.512696,1.05089,0.361331,0.0479709,0.01,0.01,0.112381,0.0995917,0.0399635,0.116537,122.998
117,2318.51,0.00627159,0.923466,0.512425,1.04764,0.361012,0.0474627,0.01,0.01,0.111431,0.0984289,0.0399852,0.116414,128.309
118,2320.76,0.00628725,0.92352,0.512578,1.04903,0.360423,0.0486653,0.01,0.01,0.110561,0.098944,0.0398577,0.116541,124.957
119,2319.3,0.00630026,0.923588,0.51274,1.04549,0.360008,0.049097,0.01,0.01,0.108784,0.0992012,0.0400248,0.116266,125.814
120,2320.32,0.00629679,0.923469,0.512476,1.04702,0.360186,0.0488435,0.01,0.01,0.106666,0.0995559,0.0397942,0.116255,124.419
121,2320.74,0.00630666,0.923535,0.512763,1.04565,0.360197,0.0493552,0.01,0.01,0.108788,0.0979339,0.0397889,0.116217,125.179
122,2319.81,0.00630894,0.9236,0.512989,1.04197,0.360184,0.0492485,0.01,0.01,0.106653,0.0966267,0.0400711,0.116219,124.459
123,2320.08,0.00630917,0.923532,0.513212,1.03429,0.359058,0.0502325,0.01,0.01,0.104814,0.095967,0.0399461,0.116196,126.391
124,2319.12,0.00631704,0.923515,0.51349,1.0336,0.359069,0.0491845,0.01,0.01,0.102475,0.0993015,0.0401513,0.116321,123.089
125,2319.35,0.00632987,0.923526,0.513703,1.03577,0.358828,0.0497037,0.01,0.01,0.0992596,0.100318,0.0400121,0.116558,126.866
126,2319.18,0.00632761,0.923566,0.513255,1.03638,0.358085,0.0492567,0.01,0.01,0.0980402,0.0993825,0.0401384,0.116173,122.527
127,2319.62,0.00632783,0.923632,0.51345,1.03307,0.358148,0.0495006,0.01,0.01,0.0973023,0.0989891,0.039916,0.116226,127.488
128,2321.08,0.00631442,0.923623,0.513497,1.02982,0.358523,0.0491138,0.01,0.01,0.0964749,0.099126,0.039916,0.116226,123.341
129,2321.11,0.00630677,0.923517,0.513498,1.02553,0.358747,0.0503301,0.01,0.01,0.0973204,0.0996262,0.0399916,0.116663,124.833
130,2319.4,0.00633269,0.923616,0.513727,1.03043,0.357496,0.0491091,0.01,0.01,0.0959168,0.1005,0.0400855,0.116059,125.169
131,2318.87,0.00633726,0.923661,0.513777,1.03074,0.357067,0.0483529,0.01,0.01,0.0957416,0.100365,0.0398355,0.116371,126.871
132,2319.75,0.00632517,0.923689,0.513481,1.02714,0.358225,0.0476125,0.01,0.01,0.0949468,0.100172,0.0402225,0.116119,128.86
133,2321.24,0.0063533,0.923576,0.513563,1.02132,0.357279,0.0482384,0.01,0.01,0.0951299,0.0986243,0.0400976,0.116608,124.558
134,2320.24,0.00633826,0.923421,0.513453,1.02283,0.357375,0.0477967,0.01,0.01,0.0949708,0.100002,0.0401305,0.116431,125.686
135,2319.03,0.00635595,0.923428,0.513755,1.02508,0.356425,0.0473111,0.01,0.01,0.0925314,0.0992816,0.0399373,0.116518,124.629
136,2319.66,0.00635152,0.923426,0.513686,1.0229,0.35724,0.0478265,0.01,0.01,0.0929804,0.0993689,0.0398931,0.11596,126.847
137,2318.69,0.00633003,0.923501,0.513324,1.02542,0.358503,0.0472172,0.01,0.01,0.0918044,0.0994697,0.0398385,0.116262,127.137
138,2319.18,0.00631588,0.923471,0.513818,1.02723,0.357913,0.047664,0.01,0.01,0.0911779,0.0995344,0.0399966,0.116252,126.69
139,2319.17,0.0063208,0.923538,0.513778,1.03141,0.358359,0.0483657,0.01,0.01,0.0894872,0.10017,0.0399619,0.116106,127.847
140,2319.91,0.00633807,0.923478,0.513889,1.02971,0.356901,0.0482702,0.01,0.01,0.088449,0.0996272,0.0399771,0.116469,124.371
141,2320.52,0.00634274,0.923442,0.513806,1.03928,0.3574,0.0483579,0.01,0.01,0.0887984,0.099128,0.0398543,0.116768,125.122
142,2318.95,0.00634923,0.923479,0.514045,1.04127,0.358019,0.048258,0.01,0.01,0.0871145,0.0993936,0.0399445,0.116501,124.688
143,2320.59,0.00634509,0.923319,0.513821,1.04678,0.357702,0.0486985,0.01,0.01,0.0856595,0.100523,0.0399148,0.116449,125.432
144,2319.85,0.00636106,0.923407,0.514249,1.04905,0.357015,0.0479186,0.01,0.01,0.0846649,0.0998438,0.040081,0.116803,127.516
145,2319.15,0.00637237,0.923304,0.514166,1.05363,0.357011,0.048591,0.01,0.01,0.0853569,0.0975645,0.0399098,0.11626,127.121
146,2319.35,0.00637058,0.923299,0.514772,1.04994,0.357181,0.0489555,0.01,0.01,0.0845535,0.0977708,0.0399452,0.116648,125.741
147,2318.01,0.00635278,0.923345,0.514936,1.04654,0.357068,0.0482287,0.01,0.01,0.0829884,0.0987847,0.0400187,0.116786,126.561
148,2319.24,0.00637877,0.923383,0.515193,1.04783,0.357445,0.0485915,0.01,0.01,0.0819588,0.100459,0.0398619,0.116092,127.389
149,2318.65,0.00637819,0.923298,0.515032,1.05127,0.356275,0.0485336,0.01,0.01,0.0793812,0.103798,0.0399805,0.11657,123.695
150,2320.28,0.00635782,0.923317,0.515066,1.05178,0.356914,0.049088,0.01,0.01,0.0775738,0.103719,0.0399228,0.116724,123.075
151,2320.79,0.0063668,0.923359,0.514904,1.05241,0.357075,0.0482706,0.01,0.01,0.0778213,0.102226,0.0397568,0.116646,121.847
152,2320.33,0.00636477,0.92345,0.514512,1.05662,0.357401,0.0475593,0.01,0.01,0.0777084,0.103043,0.0398809,0.116433,125.273
153,2320.16,0.00637354,0.923558,0.514446,1.05349,0.356406,0.0474142,0.01,0.01,0.0753375,0.10161,0.0397992,0.116659,123.835
154,2320.28,0.00638927,0.923643,0.514383,1.05294,0.356837,0.0469113,0.01,0.01,0.0760032,0.102145,0.0400627,0.116702,124.385
155,2320.31,0.00636987,0.923703,0.514117,1.04825,0.356658,0.0456756,0.01,0.01,0.0757344,0.101831,0.0401756,0.116569,123.604
156,2319.13,0.00634754,0.923769,0.513781,1.04808,0.358672,0.0453,0.01,0.01,0.0747675,0.101633,0.0400953,0.116994,125.427
157,2319.07,0.00633973,0.923663,0.513521,1.04399,0.358898,0.0447311,0.01,0.01,0.0745324,0.101604,0.0399796,0.116062,127.535
158,2320.52,0.0063427,0.923643,0.513319,1.04576,0.358149,0.0458856,0.01,0.01,0.0752595,0.102858,0.0400569,0.116346,126.043
159,2320.02,0.00635121,0.923571,0.513177,1.04538,0.356899,0.0463542,0.01,0.01,0.074346,0.101256,0.0398495,0.116904,125.275
160,2318.56,0.00636097,0.92356,0.512966,1.04639,0.357034,0.046274,0.01,0.01,0.0738998,0.0996486,0.039815,0.116545,127.856
161,2319.77,0.0063293,0.923514,0.51298,1.04952,0.357521,0.047467,0.01,0.01,0.0731316,0.100445,0.0399517,0.116633,126.628
162,2318.86,0.00630704,0.923399,0.513172,1.04668,0.358406,0.0471626,0.01,0.01,0.0716118,0.100886,0.0398751,0.116478,125.908
163,2322.14,0.0063036,0.923352,0.513332,1.04642,0.358656,0.0478062,0.01,0.01,0.0739195,0.101348,0.0398345,0.116439,124.865
164,2319.14,0.00631114,0.92342,0.513412,1.046,0.358227,0.0478442,0.01,0.01,0.0737789,0.100111,0.0401066,0.116021,125.641
165,2318.89,0.00630761,0.923383,0.513012,1.04806,0.35863,0.0479018,0.01,0.01,0.0709714,0.101226,0.0400996,0.116442,126.298
166,2321.54,0.00631215,0.923303,0.513351,1.04422,0.3581,0.0474079,0.01,0.01,0.0704651,0.100871,0.0399471,0.116929,123.181
167,2319.16,0.00632181,0.923251,0.512852,1.04274,0.358199,0.046551,0.01,0.01,0.0708734,0.101466,0.0399146,0.116564,125.422
168,2321,0.00630291,0.923191,0.513081,1.04554,0.358317,0.0468526,0.01,0.01,0.0716805,0.10104,0.0398038,0.116362,125.128
169,2318.35,0.00629974,0.923199,0.513002,1.04691,0.357263,0.046946,0.01,0.01,0.0697523,0.0997434,0.0398717,0.116654,126.425
170,2318.74,0.00630622,0.923218,0.513269,1.04382,0.358452,0.047603,0.01,0.01,0.0694685,0.0998662,0.0400353,0.116654,128.293
171,2319.08,0.00630486,0.923265,0.5132,1.04603,0.358938,0.0481025,0.01,0.01,0.0704819,0.100038,0.0399656,0.116578,127.468
172,2319.22,0.00629909,0.923223,0.513308,1.04172,0.358515,0.0484215,0.01,0.01,0.0710891,0.100346,0.0400534,0.116222,126.405
173,2320.21,0.00630161,0.923376,0.513683,1.04195,0.359162,0.0488889,0.01,0.01,0.0685849,0.0986898,0.0400054,0.116297,127.538
174,2319.63,0.00632029,0.923407,0.51334,1.04377,0.359944,0.0490466,0.01,0.01,0.0682665,0.0991777,0.0400779,0.11669,127.107
175,2318.67,0.00632391,0.923408,0.513173,1.04619,0.35888,0.048924,0.01,0.01,0.0678901,0.0988643,0.0401596,0.116577,127.527
176,2320.79,0.0063214,0.923445,0.513273,1.04704,0.358579,0.0486589,0.01,0.01,0.0693989,0.100642,0.0401131,0.116487,126.377
177,2321.28,0.00633336,0.923493,0.513573,1.04839,0.357636,0.0489304,0.01,0.01,0.0697852,0.101381,0.0399481,0.116677,125.982
178,2320.87,0.00633276,0.923344,0.513689,1.05035,0.357647,0.0494375,0.01,0.01,0.0698148,0.102601,0.040017,0.116858,124.596
179,2321.32,0.00632245,0.923326,0.513775,1.04732,0.358024,0.0489399,0.01,0.01,0.0720738,0.100527,0.0401451,0.117024,122.759
180,2321.4,0.00632453,0.92321,0.514045,1.04966,0.358191,0.0505081,0.01,0.01,0.0710074,0.101052,0.0399564,0.116435,124.061
181,2318.35,0.00633718,0.923162,0.513873,1.04775,0.357534,0.0498186,0.01,0.01,0.0708628,0.100431,0.0400921,0.11646,124.238
182,2322.54,0.00633022,0.923133,0.514227,1.05102,0.358577,0.0493703,0.01,0.01,0.0729103,0.101355,0.0399289,0.116666,122.589
183,2318.74,0.00633924,0.923083,0.514244,1.04982,0.357204,0.0489319,0.01,0.01,0.0727734,0.0998418,0.0399347,0.115975,124.065
184,2319.57,0.00633755,0.923052,0.514405,1.0484,0.358496,0.0484205,0.01,0.01,0.0725391,0.0986718,0.0401376,0.116714,126.392
185,2319.64,0.0063457,0.923107,0.514598,1.04536,0.356954,0.0488784,0.01,0.01,0.070646,0.0997926,0.0401329,0.116134,125.729
186,2319.86,0.00636369,0.922946,0.514356,1.04391,0.356436,0.0502549,0.01,0.01,0.0700516,0.0983183,0.0402617,0.116258,126.754
187,2319.04,0.00634531,0.923004,0.513976,1.03706,0.356934,0.0496278,0.01,0.01,0.069881,0.0999804,0.0402231,0.116094,126.38
188,2318.94,0.00633786,0.922966,0.514011,1.03632,0.356816,0.0487439,0.01,0.01,0.0697203,0.100095,0.0399164,0.115735,127.16
189,2320.86,0.00633044,0.922935,0.514309,1.03827,0.357025,0.0494134,0.01,0.01,0.0694985,0.100293,0.0400367,0.116552,125.627
190,2318.8,0.00632734,0.922902,0.514293,1.03292,0.35767,0.0491892,0.01,0.01,0.0698419,0.0990099,0.0400839,0.11667,125.774
191,2320.75,0.00633637,0.92295,0.51473,1.03084,0.35647,0.0493716,0.01,0.01,0.0712427,0.098698,0.0402658,0.11618,128.159
192,2319.66,0.00633067,0.922879,0.514516,1.02847,0.356415,0.0478673,0.01,0.01,0.0711661,0.0998585,0.0398587,0.116002,124.374
193,2319.25,0.00632225,0.922932,0.514224,1.0333,0.356208,0.0487895,0.01,0.01,0.0706712,0.0994644,0.0399908,0.11633,126.178
194,2320.24,0.00633054,0.922765,0.514246,1.03639,0.3566,0.0482611,0.01,0.01,0.0701827,0.099692,0.0400519,0.116279,126.332
195,2321.8,0.00632773,0.922643,0.513836,1.0429,0.357282,0.0485747,0.01,0.01,0.071951,0.100931,0.0399821,0.116302,126.333
196,2320.65,0.00632693,0.92251,0.513923,1.04719,0.356967,0.0484611,0.01,0.01,0.0707311,0.10056,0.0399658,0.116679,123.471
197,2320.23,0.00632566,0.922554,0.514119,1.04445,0.356993,0.0481039,0.01,0.01,0.0710577,0.0987433,0.0397056,0.116957,125.057
198,2318.83,0.00631535,0.922578,0.514235,1.04377,0.357505,0.0468833,0.01,0.01,0.0691281,0.0981422,0.0401231,0.116213,126.408
199,2321.48,0.00632653,0.922545,0.514312,1.04392,0.356613,0.0479525,0.01,0.01,0.0699728,0.0988751,0.0401551,0.116815,125.013
200,2320.66,0.00633164,0.922477,0.514317,1.04364,0.356552,0.0472842,0.01,0.01,0.0685527,0.101033,0.0400668,0.11647,125.679
