ID,CLP,SIGMA1,SIGMA2,KSS,KSYN
1,0.0054064,0.9236,0.54994,1.1491,0.23046
2,0.0063352,0.92303,0.52013,1.0248,0.39274
3,0.0072045,0.92131,0.50172,0.99149,0.43125
4,0.0060396,0.92309,0.51535,1.221,0.26909
5,0.0072335,0.92118,0.49313,1.0409,0.3762
6,0.0073842,0.92279,0.49328,1.0112,0.42372
7,0.0060867,0.92342,0.51321,1.1587,0.27665
8,0.0058531,0.92352,0.52534,1.1233,0.26933
9,0.0064762,0.92263,0.5094,1.0247,0.39607
10,0.0065515,0.92201,0.50733,1.0549,0.34114
11,0.005666,0.92343,0.53189,1.0243,0.37652
12,0.0071217,0.92153,0.49855,0.95516,0.45087
13,0.0051859,0.92416,0.52797,1.0008,0.23696
14,0.0060854,0.92259,0.52935,1.1555,0.35957
15,0.0062038,0.92224,0.51894,1.1429,0.41691
16,0.0062151,0.92282,0.52516,0.92669,0.5669
17,0.0058046,0.92224,0.53682,0.93919,0.57668
18,0.0058267,0.92244,0.52211,1.1623,0.24725
19,0.0065198,0.92357,0.51141,1.0139,0.51084
20,0.0062113,0.92249,0.51488,0.97755,0.36647
21,0.0066673,0.92152,0.51269,0.95033,0.58081
22,0.0050794,0.92466,0.52765,0.98498,0.22098
23,0.0059904,0.92243,0.51275,0.96731,0.31437
24,0.006777,0.92254,0.51493,1.056,0.53636
25,0.0072681,0.92139,0.51131,1.0527,0.32128
26,0.0072816,0.92116,0.49906,1.0875,0.29814
27,0.0073361,0.92107,0.50736,1.0657,0.42631
28,0.0058176,0.92287,0.51863,1.0579,0.30081
29,0.005412,0.92249,0.52103,0.99972,0.36281
30,0.0067665,0.9217,0.51001,1.0364,0.51024
31,0.0054869,0.92278,0.51679,0.99588,0.31095
32,0.0062838,0.92289,0.504,1.0537,0.26512
33,0.0062655,0.92207,0.50761,1.0579,0.26049
34,0.0071238,0.92137,0.49664,1.1097,0.3615
35,0.0070672,0.92129,0.52346,1.0732,0.27178
36,0.0069917,0.9213,0.5008,0.96375,0.54215
37,0.0081846,0.92164,0.51919,1.0402,0.3897
38,0.0053372,0.92364,0.52095,1.0761,0.33628
39,0.007967,0.92238,0.49737,1.0526,0.34366
40,0.0055651,0.92282,0.51879,1.0372,0.31853
41,0.006739,0.92198,0.51367,1.012,0.41317
42,0.0068576,0.92252,0.49937,1.0339,0.34042
43,0.0082185,0.92214,0.51535,1.0972,0.55333
44,0.0063031,0.92268,0.50669,1.018,0.32331
45,0.0054501,0.92284,0.51452,1.0475,0.32885
46,0.0041402,0.92425,0.52312,1.0705,0.22958
47,0.006537,0.92206,0.51365,1.0427,0.37787
48,0.0062061,0.92209,0.51352,1.0435,0.35626
