ID,TIME,CMT,DV,PRED,IPRED,IWRES
1,1.5,1,13.812,13.274,13.289,0.32972
1,4,1,13.12,12.666,12.727,0.25802
1,8,1,12.408,11.752,11.878,0.37228
1,24,1,9.3936,8.7107,9.0187,0.3439
1,72,1,5.0698,3.6174,4.1108,1.8492
1,168,1,1.4033,0.77722,1.2544,0.80057
1,336,1,0.22645,0.090696,0.2235,0.044617
1,504,1,0.064316,0.013855,0.040587,0.53035
1,672,1,0.0013937,0.0023609,0.0079139,-0.15927
1,840,1,0.094181,0.00041848,0.0016095,2.3025
1,1008,1,0.046402,7.4989e-05,0.00033193,1.1502
2,1.5,1,12.772,13.274,13.276,-0.31777
2,4,1,12.804,12.666,12.674,0.085795
2,8,1,15.419,11.752,11.767,2.5899
2,24,1,11.065,8.7107,8.7477,2.1893
2,72,1,3.834,3.6174,3.6511,0.39334
2,168,1,0.56195,0.77722,0.76282,-1.5592
2,336,1,0.15306,0.090696,0.08341,1.4006
2,504,1,0.051849,0.013855,0.012397,0.95157
2,672,1,0.01318,0.0023609,0.0020737,0.27588
2,840,1,0.025367,0.00041848,0.00036105,0.62423
2,1008,1,0.0086231,7.4989e-05,6.3552e-05,0.21386
3,1.5,1,14.877,13.274,13.267,1.0163
3,4,1,12.511,12.666,12.636,-0.08246
3,8,1,11.271,11.752,11.688,-0.29763
3,24,1,7.786,8.7107,8.5595,-0.74624
3,72,1,3.5907,3.6174,3.4104,0.41257
3,168,1,0.51375,0.77722,0.64336,-1.1279
3,336,1,0.088855,0.090696,0.062556,0.55601
3,504,1,0.0077106,0.013855,0.0089058,-0.029113
3,672,1,0.061274,0.0023609,0.0014451,1.4888
3,840,1,0.023426,0.00041848,0.0002437,0.57891
3,1008,1,0.016814,7.4989e-05,4.1497e-05,0.41909
4,1.5,1,13.488,13.274,13.276,0.134
4,4,1,13.147,12.666,12.673,0.31307
4,8,1,10.542,11.752,11.764,-0.86721
4,24,1,7.3591,8.7107,8.7442,-1.3091
4,72,1,3.9785,3.6174,3.7276,0.52936
4,168,1,0.90867,0.77722,0.98343,-0.48385
4,336,1,0.25803,0.090696,0.15325,1.811
4,504,1,0.02299,0.013855,0.026438,-0.080011
4,672,1,0.0097121,0.0023609,0.0049575,0.11713
4,840,1,0.077021,0.00041848,0.00096661,1.8952
4,1008,1,0.0039693,7.4989e-05,0.00019062,0.094375
5,1.5,1,9.4538,13.274,13.264,-2.405
5,4,1,14.233,12.666,12.624,1.0657
5,8,1,10.565,11.752,11.664,-0.78627
5,24,1,5.9835,8.7107,8.5048,-2.4474
5,72,1,2.9305,3.6174,3.3621,-1.0004
5,168,1,0.67933,0.77722,0.66092,0.15743
5,336,1,0.087465,0.090696,0.071666,0.3267
5,504,1,0.053624,0.013855,0.010703,1.0402
5,672,1,0.036581,0.0023609,0.00179,0.86491
5,840,1,0.047569,0.00041848,0.00031052,1.1799
5,1008,1,0.053238,7.4989e-05,5.4378e-05,1.3288
6,1.5,1,12.544,13.274,13.264,-0.4542
6,4,1,15.086,12.666,12.623,1.6316
6,8,1,11.836,11.752,11.662,0.12467
6,24,1,8.0724,8.7107,8.4984,-0.41381
6,72,1,3.3121,3.6174,3.3405,-0.066252
6,168,1,0.41092,0.77722,0.62294,-1.8839
6,336,1,0.10348,0.090696,0.061327,0.89389
6,504,1,0.097023,0.013855,0.0088246,2.1489
6,672,1,0.017749,0.0023609,0.0014395,0.40587
6,840,1,0.052916,0.00041848,0.00024361,1.3153
6,1008,1,0.022165,7.4989e-05,4.1603e-05,0.55279
7,1.5,1,13.386,13.274,13.275,0.070177
7,4,1,13.02,12.666,12.669,0.23148
7,8,1,13.33,11.752,11.758,1.116
7,24,1,9.2608,8.7107,8.7275,0.50495
7,72,1,3.328,3.6174,3.6952,-0.78092
7,168,1,0.97928,0.77722,0.94168,0.25125
7,336,1,0.2058,0.090696,0.13972,1.174
7,504,1,0.034216,0.013855,0.023479,0.25115
7,672,1,0.0095191,0.0023609,0.0043117,0.12852
7,840,1,0.016584,0.00041848,0.00082421,0.39289
7,1008,1,0.073206,7.4989e-05,0.00015939,1.8246
8,1.5,1,15.268,13.274,13.279,1.2538
8,4,1,15.526,12.666,12.689,1.8701
8,8,1,11.521,11.752,11.798,-0.19574
8,24,1,8.9921,8.7107,8.823,0.15848
8,72,1,3.971,3.6174,3.8165,0.31906
8,168,1,1.1458,0.77722,1.0027,0.91276
8,336,1,0.17043,0.090696,0.15168,0.32514
8,504,1,0.029719,0.013855,0.025625,0.095198
8,672,1,0.0035041,0.0023609,0.0047244,-0.03008
8,840,1,0.050434,0.00041848,0.00090786,1.2344
8,1008,1,0.064591,7.4989e-05,0.00017664,1.6089
9,1.5,1,13.462,13.274,13.272,0.11989
9,4,1,13.074,12.666,12.658,0.275
9,8,1,13.171,11.752,11.734,1.0222
9,24,1,6.0431,8.7107,8.6679,-2.5018
9,72,1,3.8437,3.6174,3.5519,0.64336
9,168,1,0.68171,0.77722,0.72131,-0.31939
9,336,1,0.095891,0.090696,0.077362,0.37796
9,504,1,0.028133,0.013855,0.011439,0.40373
9,672,1,0.025446,0.0023609,0.0019051,0.58504
9,840,1,0.0053872,0.00041848,0.00032989,0.12626
9,1008,1,0.049362,7.4989e-05,5.7721e-05,1.2319
10,1.5,1,12.157,13.274,13.271,-0.70277
10,4,1,10.464,12.666,12.654,-1.447
10,8,1,11.474,11.752,11.725,-0.17863
10,24,1,8.2095,8.7107,8.6482,-0.41902
10,72,1,2.8946,3.6174,3.5481,-1.4423
10,168,1,0.87331,0.77722,0.76518,0.83757
10,336,1,0.058358,0.090696,0.091671,-0.65721
10,504,1,0.062174,0.013855,0.014159,1.1524
10,672,1,0.021145,0.0023609,0.002431,0.46437
10,840,1,0.015508,0.00041848,0.00043394,0.37622
10,1008,1,0.0051381,7.4989e-05,7.8287e-05,0.12641
11,1.5,1,12.171,13.274,13.282,-0.70041
11,4,1,15.906,12.666,12.7,2.1112
11,8,1,14.838,11.752,11.821,2.1302
11,24,1,10.628,8.7107,8.8767,1.6314
11,72,1,4.0616,3.6174,3.8196,0.49933
11,168,1,0.94986,0.77722,0.84671,0.74429
11,336,1,0.077232,0.090696,0.098229,-0.40807
11,504,1,0.0018442,0.013855,0.014912,-0.31298
11,672,1,0.01511,0.0023609,0.002533,0.312
11,840,1,0.013174,0.00041848,0.00044842,0.31759
11,1008,1,0.053006,7.4989e-05,8.0335e-05,1.3223
12,1.5,1,13.793,13.274,13.266,0.33261
12,4,1,11.863,12.666,12.633,-0.50967
12,8,1,11.684,11.752,11.683,0.0010476
12,24,1,8.1596,8.7107,8.5466,-0.37393
12,72,1,3.3549,3.6174,3.3902,-0.081187
12,168,1,0.5428,0.77722,0.62538,-0.7319
12,336,1,0.04466,0.090696,0.058004,-0.28532
12,504,1,0.03002,0.013855,0.0080674,0.53601
12,672,1,0.091544,0.0023609,0.0012905,2.247
12,840,1,0.02677,0.00041848,0.00021487,0.66319
12,1008,1,0.080419,7.4989e-05,3.6129e-05,2.0085
13,1.5,1,49.289,53.096,53.131,-0.61719
13,4,1,48.298,50.665,50.812,-0.42211
13,8,1,51.772,47.006,47.311,0.80409
13,24,1,34.812,34.904,35.692,-0.20978
13,72,1,19.382,16.48,18.07,0.61201
13,168,1,12.433,8.7118,11.123,0.98164
13,336,1,6.9717,3.0515,6.3104,0.85356
13,504,1,2.2355,0.4763,2.3886,-0.48133
13,672,1,0.45167,0.062714,0.46903,-0.18342
13,840,1,0.097551,0.0096061,0.074985,0.46293
13,1008,1,0.026867,0.001643,0.013144,0.3303
14,1.5,1,55.053,53.096,53.118,0.3108
14,4,1,57.308,50.665,50.758,1.1009
14,8,1,53.311,47.006,47.198,1.1044
14,24,1,40.894,34.904,35.358,1.3319
14,72,1,18.425,16.48,16.986,0.71299
14,168,1,9.1677,8.7118,8.9359,0.21459
14,336,1,2.8659,3.0515,3.1599,-0.72077
14,504,1,0.51755,0.4763,0.52331,-0.057035
14,672,1,0.14052,0.062714,0.07339,1.3824
14,840,1,0.031023,0.0096061,0.011727,0.46629
14,1008,1,0.0013725,0.001643,0.0020671,-0.017253
15,1.5,1,46.871,53.096,53.104,-1.0016
15,4,1,61.635,50.665,50.696,1.8409
15,8,1,48.988,47.006,47.07,0.34747
15,24,1,33.346,34.904,35.034,-0.40991
15,72,1,17.254,16.48,16.347,0.46667
15,168,1,8.041,8.7118,7.9937,0.04868
15,336,1,2.0955,3.0515,2.189,-0.31716
15,504,1,0.2526,0.4763,0.29809,-0.60885
15,672,1,0.1551,0.062714,0.04002,2.5759
15,840,1,0.05992,0.0096061,0.0063029,1.3157
15,1008,1,0.011789,0.001643,0.0010841,0.26667
16,1.5,1,51.616,53.096,53.111,-0.2403
16,4,1,60.166,50.665,50.729,1.5871
16,8,1,47.732,47.006,47.137,0.10759
16,24,1,30.438,34.904,35.161,-1.1425
16,72,1,17.947,16.48,15.802,1.1412
16,168,1,6.5936,8.7118,6.0579,0.71882
16,336,1,0.81894,3.0515,0.91588,-0.66102
16,504,1,0.046821,0.4763,0.097896,-0.99341
16,672,1,0.099184,0.062714,0.012166,2.1002
16,840,1,0.038479,0.0096061,0.0018007,0.9118
16,1008,1,0.0074826,0.001643,0.00028804,0.17964
17,1.5,1,53.069,53.096,53.132,-0.010084
17,4,1,56.128,50.665,50.813,0.89236
17,8,1,44.229,47.006,47.312,-0.55575
17,24,1,34.067,34.904,35.579,-0.36161
17,72,1,20.074,16.48,16.263,1.9709
17,168,1,7.2888,8.7118,6.1898,1.4447
17,336,1,0.67821,3.0515,0.94586,-1.7827
17,504,1,0.11408,0.4763,0.1043,0.1875
17,672,1,0.037949,0.062714,0.013182,0.59607
17,840,1,0.022108,0.0096061,0.0019624,0.50057
17,1008,1,0.017098,0.001643,0.00031527,0.41901
18,1.5,1,52.269,53.096,53.113,-0.13568
18,4,1,63.336,50.665,50.737,2.1186
18,8,1,55.282,47.006,47.155,1.4696
18,24,1,38.731,34.904,35.316,0.82254
18,72,1,17.05,16.48,17.533,-0.23188
18,168,1,11.836,8.7118,10.58,0.98778
18,336,1,4.9944,3.0515,5.7023,-1.0057
18,504,1,1.8163,0.4763,1.9243,-0.40884
18,672,1,0.43301,0.062714,0.35426,0.9691
18,840,1,0.040515,0.0096061,0.058432,-0.38268
18,1008,1,0.0084006,0.001643,0.010664,-0.054863
19,1.5,1,50.2,53.096,53.09,-0.46461
19,4,1,48.345,50.665,50.641,-0.38681
19,8,1,48.014,47.006,46.955,0.19224
19,24,1,34.032,34.904,34.739,-0.17307
19,72,1,15.777,16.48,15.57,0.11183
19,168,1,6.166,8.7118,6.5695,-0.50131
19,336,1,1.2135,3.0515,1.1842,0.16475
19,504,1,0.10236,0.4763,0.13176,-0.53106
19,672,1,0.08759,0.062714,0.016647,1.691
19,840,1,0.00016978,0.0096061,0.0025165,-0.058218
19,1008,1,0.030512,0.001643,0.00041173,0.75129
20,1.5,1,55.502,53.096,53.099,0.38627
20,4,1,46.728,50.665,50.676,-0.6646
20,8,1,56.439,47.006,47.027,1.7066
20,24,1,32.324,34.904,34.949,-0.63877
20,72,1,17.805,16.48,16.486,0.67295
20,168,1,8.2077,8.7118,8.6192,-0.39435
20,336,1,3.1214,3.0515,2.8883,0.61953
20,504,1,0.3367,0.4763,0.42654,-1.0019
20,672,1,0.079721,0.062714,0.054648,0.5406
20,840,1,0.00051649,0.0096061,0.0082216,-0.18805
20,1008,1,0.052326,0.001643,0.0013844,1.2679
21,1.5,1,68.439,53.096,53.088,2.4677
21,4,1,54.574,50.665,50.633,0.66403
21,8,1,51.057,47.006,46.939,0.7481
21,24,1,39.412,34.904,34.689,1.1581
21,72,1,13.608,16.48,15.196,-0.87792
21,168,1,6.0045,8.7118,5.6225,0.55003
21,336,1,0.69222,3.0515,0.79226,-0.75644
21,504,1,0.094307,0.4763,0.082131,0.2456
21,672,1,0.050014,0.062714,0.010183,0.96673
21,840,1,0.0065723,0.0096061,0.0015105,0.12594
21,1008,1,0.053706,0.001643,0.00024109,1.3351
22,1.5,1,53.641,53.096,53.133,0.081595
22,4,1,51.309,50.665,50.818,0.08237
22,8,1,47.793,47.006,47.324,0.084458
22,24,1,40.231,34.904,35.735,1.0703
22,72,1,18.604,16.48,18.215,0.17986
22,168,1,11.817,8.7118,11.419,0.29062
22,336,1,8.114,3.0515,6.7777,1.6118
22,504,1,2.8452,0.4763,2.892,-0.12424
22,672,1,0.67204,0.062714,0.65492,0.14723
22,840,1,0.019458,0.0096061,0.1077,-1.679
22,1008,1,0.046884,0.001643,0.018831,0.66461
23,1.5,1,48.592,53.096,53.099,-0.72442
23,4,1,53.887,50.665,50.678,0.54014
23,8,1,51.97,47.006,47.033,0.895
23,24,1,34.38,34.904,34.988,-0.14782
23,72,1,15.982,16.48,16.809,-0.41435
23,168,1,10.712,8.7118,9.4224,1.1342
23,336,1,4.2142,3.0515,4.0086,0.40574
23,504,1,0.77924,0.4763,0.77996,-0.0055012
23,672,1,0.028552,0.062714,0.10464,-1.4576
23,840,1,0.070548,0.0096061,0.015631,1.3127
23,1008,1,0.0057662,0.001643,0.0026559,0.07713
24,1.5,1,47.975,53.096,53.09,-0.82224
24,4,1,43.27,50.665,50.64,-1.2417
24,8,1,54.714,47.006,46.954,1.4093
24,24,1,40.756,34.904,34.731,1.4756
24,72,1,14.291,16.48,15.43,-0.62001
24,168,1,5.9023,8.7118,6.1801,-0.36577
24,336,1,0.97749,3.0515,1.0192,-0.26269
24,504,1,0.13504,0.4763,0.11267,0.42099
24,672,1,0.054429,0.062714,0.014447,0.95884
24,840,1,0.012348,0.0096061,0.0022012,0.25195
24,1008,1,0.014579,0.001643,0.00036046,0.35494
25,1.5,1,259.18,212.38,212.31,1.8932
25,4,1,213.81,202.66,202.35,0.48557
25,8,1,206.47,188.04,187.4,0.87232
25,24,1,136.78,140.37,138.89,-0.13044
25,72,1,77.618,72.223,70.416,0.87422
25,168,1,44.747,50.157,48.67,-0.68753
25,336,1,30.611,36.809,35.377,-1.146
25,504,1,21.684,25.168,24,-0.81703
25,672,1,14.557,15.766,14.988,-0.24141
25,840,1,8.5018,8.2236,7.895,0.63261
25,1008,1,2.4218,2.5829,2.6235,-0.58381
26,1.5,1,179.25,212.38,212.25,-1.3332
26,4,1,204.37,202.66,202.1,0.096509
26,8,1,159.82,188.04,186.88,-1.2413
26,24,1,137.01,140.37,137.71,-0.04347
26,72,1,47.611,72.223,69.288,-2.674
26,168,1,50.76,50.157,48.441,0.40825
26,336,1,33.413,36.809,35.673,-0.53903
26,504,1,26.228,25.168,24.671,0.53472
26,672,1,14.472,15.766,15.924,-0.76658
26,840,1,9.1262,8.2236,9.0007,0.11535
26,1008,1,3.4276,2.5829,3.6676,-0.51386
27,1.5,1,203.13,212.38,212.29,-0.36983
27,4,1,216.18,202.66,202.25,0.5906
27,8,1,196.36,188.04,187.19,0.42017
27,24,1,124.61,140.37,138.29,-0.84778
27,72,1,70.618,72.223,69.177,0.178
27,168,1,46.069,50.157,46.771,-0.12794
27,336,1,31.451,36.809,32.516,-0.27837
27,504,1,19.622,25.168,20.407,-0.32475
27,672,1,10.641,15.766,10.861,-0.1683
27,840,1,3.6241,8.2236,3.6473,-0.049889
27,1008,1,0.46853,2.5829,0.52331,-0.5427
28,1.5,1,210.43,212.38,212.44,-0.081049
28,4,1,212.62,202.66,202.88,0.41152
28,8,1,185.55,188.04,188.5,-0.1344
28,24,1,155.28,140.37,141.52,0.83299
28,72,1,80.569,72.223,74.008,0.7579
28,168,1,50.048,50.157,52.286,-0.36532
28,336,1,35.421,36.809,39.655,-0.90919
28,504,1,27.534,25.168,28.469,-0.27876
28,672,1,20.001,15.766,19.331,0.29254
28,840,1,12.847,8.2236,11.887,0.67412
28,1008,1,5.1695,2.5829,5.8947,-0.9985
29,1.5,1,166.22,212.38,212.47,-1.8668
29,4,1,193.45,202.66,203.03,-0.40465
29,8,1,179.37,188.04,188.81,-0.42854
29,24,1,110.83,140.37,142.18,-1.8894
29,72,1,82.161,72.223,74.563,0.87123
29,168,1,47.258,50.157,52.23,-0.81224
29,336,1,41.465,36.809,39.05,0.5266
29,504,1,26.016,25.168,27.343,-0.41179
29,672,1,21.704,15.766,17.717,1.8959
29,840,1,9.5873,8.2236,9.8412,-0.21414
29,1008,1,3.2796,2.5829,3.6401,-0.77733
30,1.5,1,219.42,212.38,212.33,0.28616
30,4,1,146.28,202.66,202.45,-2.3792
30,8,1,183.05,188.04,187.6,-0.20814
30,24,1,146.57,140.37,139.2,0.45376
30,72,1,65.744,72.223,69.923,-0.51087
30,168,1,48.347,50.157,46.728,0.29548
30,336,1,29.143,36.809,31.756,-0.69916
30,504,1,21.038,25.168,18.949,0.9301
30,672,1,8.27,15.766,8.7881,-0.48731
30,840,1,1.8779,8.2236,1.9307,-0.19931
30,1008,1,0.17655,2.5829,0.21946,-0.65445
31,1.5,1,215.25,212.38,212.45,0.11308
31,4,1,175.04,202.66,202.93,-1.1784
31,8,1,155.37,188.04,188.6,-1.5105
31,24,1,160.37,140.37,141.74,1.1263
31,72,1,76.831,72.223,74.33,0.28764
31,168,1,55.193,50.157,52.691,0.40514
31,336,1,36.49,36.809,40.154,-0.77716
31,504,1,25.71,25.168,28.965,-0.95393
31,672,1,24.096,15.766,19.757,1.8541
31,840,1,11.158,8.2236,12.2,-0.71333
31,1008,1,5.6739,2.5829,6.0652,-0.52437
32,1.5,1,237.07,212.38,212.34,0.99886
32,4,1,244.09,202.66,202.47,1.7629
32,8,1,212.74,188.04,187.65,1.1466
32,24,1,114.51,140.37,139.54,-1.5371
32,72,1,76.691,72.223,71.853,0.57556
32,168,1,41.952,50.157,51.188,-1.5395
32,336,1,38.839,36.809,39.079,-0.05233
32,504,1,29.503,25.168,28.369,0.33927
32,672,1,16.947,15.766,19.666,-1.167
32,840,1,12.503,8.2236,12.609,-0.070062
32,1008,1,6.8963,2.5829,6.9262,-0.035336
33,1.5,1,201.95,212.38,212.35,-0.42015
33,4,1,181.02,202.66,202.54,-0.91094
33,8,1,186.75,188.04,187.79,-0.047497
33,24,1,132.69,140.37,139.88,-0.44065
33,72,1,61.533,72.223,72.24,-1.2671
33,168,1,60.166,50.157,51.414,1.4524
33,336,1,37.687,36.809,39.264,-0.34193
33,504,1,27.325,25.168,28.53,-0.35859
33,672,1,19.955,15.766,19.817,0.058643
33,840,1,11.795,8.2236,12.76,-0.63238
33,1008,1,7.0355,2.5829,7.0809,-0.052572
34,1.5,1,212.87,212.38,212.25,0.025213
34,4,1,223.82,202.66,202.09,0.92213
34,8,1,195.21,188.04,186.86,0.38329
34,24,1,127.35,140.37,137.61,-0.6386
34,72,1,57.925,72.223,68.904,-1.3618
34,168,1,40.529,50.157,47.685,-1.2798
34,336,1,35.638,36.809,34.409,0.30368
34,504,1,19.299,25.168,22.972,-1.353
34,672,1,16.686,15.766,13.859,1.7098
34,840,1,5.3363,8.2236,6.6715,-1.6348
34,1008,1,1.6688,2.5829,1.7075,-0.16203
35,1.5,1,199.56,212.38,212.38,-0.51771
35,4,1,211.14,202.66,202.65,0.35924
35,8,1,225.84,188.04,188.02,1.7244
35,24,1,138.77,140.37,140.38,-0.098498
35,72,1,84.963,72.223,72.37,1.4875
35,168,1,48.267,50.157,50.381,-0.35791
35,336,1,42.687,36.809,37.357,1.2144
35,504,1,21.527,25.168,26.174,-1.5051
35,672,1,15.639,15.766,17.296,-0.80697
35,840,1,8.1598,8.2236,10.274,-1.7104
35,1008,1,5.0376,2.5829,4.8052,0.38767
36,1.5,1,220.82,212.38,212.27,0.34523
36,4,1,192.92,202.66,202.2,-0.39373
36,8,1,166.43,188.04,187.09,-0.94668
36,24,1,114.32,140.37,137.97,-1.4687
36,72,1,62.593,72.223,68.357,-0.72063
36,168,1,47.016,50.157,45.413,0.301
36,336,1,31.744,36.809,30.293,0.40692
36,504,1,18.161,25.168,17.403,0.3668
36,672,1,6.6642,15.766,7.2455,-0.6579
36,840,1,1.259,8.2236,1.2299,0.15905
36,1008,1,0.038415,2.5829,0.12676,-1.6129
37,1.5,1,473.2,530.96,530.73,-0.93052
37,4,1,500.81,506.66,505.71,-0.08321
37,8,1,558.41,470.16,468.19,1.6539
37,24,1,400.12,351.57,346.83,1.3183
37,72,1,195.23,184.25,176.96,0.88487
37,168,1,110.57,134.18,124.86,-0.9801
37,336,1,95,106.82,94.449,0.049956
37,504,1,56.028,82.056,68.541,-1.5602
37,672,1,44.999,61.845,48.353,-0.59162
37,840,1,32.115,45.443,32.654,-0.14018
37,1008,1,21.022,32.156,20.464,0.23041
38,1.5,1,533.07,530.96,531.2,0.030192
38,4,1,571.89,506.66,507.66,1.0861
38,8,1,517.71,470.16,472.22,0.82679
38,24,1,386.09,351.57,356.5,0.71227
38,72,1,167.79,184.25,190.96,-1.0403
38,168,1,148.06,134.18,140.94,0.43268
38,336,1,129.22,106.82,115.21,1.0418
38,504,1,118.18,82.056,91.169,2.5353
38,672,1,60.158,61.845,70.958,-1.301
38,840,1,41.917,45.443,54.17,-1.9306
38,1008,1,41.413,32.156,40.275,0.24062
39,1.5,1,433.76,530.96,530.5,-1.5653
39,4,1,520.7,506.66,504.76,0.27115
39,8,1,413.76,470.16,466.23,-0.9659
39,24,1,359.37,351.57,342.4,0.42524
39,72,1,162.01,184.25,172.87,-0.53874
39,168,1,118.63,134.18,124.48,-0.40259
39,336,1,78.604,106.82,96.25,-1.5692
39,504,1,54.503,82.056,71.569,-2.0384
39,672,1,48.712,61.845,52.049,-0.54713
39,840,1,43.291,45.443,36.674,1.5352
39,1008,1,22.983,32.156,24.584,-0.55153
40,1.5,1,536.99,530.96,531.14,0.094621
40,4,1,600.21,506.66,507.38,1.5705
40,8,1,427.37,470.16,471.65,-0.80585
40,24,1,415.11,351.57,355.16,1.4485
40,72,1,169.11,184.25,189.3,-0.91454
40,168,1,148.27,134.18,139.69,0.52647
40,336,1,116.27,106.82,114.09,0.16401
40,504,1,95.842,82.056,90.214,0.53386
40,672,1,72.989,61.845,70.11,0.35098
40,840,1,55.373,45.443,53.456,0.30612
40,1008,1,37.354,32.156,39.734,-0.51011
41,1.5,1,473.61,530.96,530.89,-0.92612
41,4,1,477.14,506.66,506.35,-0.4952
41,8,1,427.71,470.16,469.52,-0.76424
41,24,1,310.39,351.57,349.99,-0.97085
41,72,1,195,184.25,181.71,0.62717
41,168,1,99.898,134.18,130.73,-2.0206
41,336,1,109.27,106.82,101.92,0.61729
41,504,1,77.637,82.056,76.496,0.12757
41,672,1,62.218,61.845,56.049,0.93964
41,840,1,37.371,45.443,39.632,-0.4859
41,1008,1,24.559,32.156,26.468,-0.6116
42,1.5,1,586.02,530.96,530.7,0.89483
42,4,1,523.46,506.66,505.56,0.3039
42,8,1,502.53,470.16,467.89,0.63545
42,24,1,357.01,351.57,346.3,0.26528
42,72,1,131.84,184.25,178.12,-2.2275
42,168,1,138.77,134.18,130.01,0.57738
42,336,1,78.015,106.82,103.04,-2.0792
42,504,1,81.181,82.056,78.743,0.26473
42,672,1,58.721,61.845,59.038,-0.045809
42,840,1,45.1,45.443,43.157,0.38364
42,1008,1,30.521,32.156,30.383,0.038679
43,1.5,1,631.21,530.96,530.68,1.626
43,4,1,443.63,506.66,505.51,-1.0506
43,8,1,481.57,470.16,467.75,0.25356
43,24,1,348.53,351.57,345.66,0.071368
43,72,1,160.59,184.25,174.75,-0.69467
43,168,1,130.06,134.18,121.52,0.60211
43,336,1,84.213,106.82,89.584,-0.513
43,504,1,64.903,82.056,62.692,0.30123
43,672,1,40.058,61.845,41.777,-0.35061
43,840,1,27.203,45.443,25.53,0.55549
43,1008,1,11.158,32.156,12.963,-1.165
44,1.5,1,480.34,530.96,530.87,-0.81708
44,4,1,492.95,506.66,506.29,-0.22616
44,8,1,394.75,470.16,469.4,-1.3649
44,24,1,306.79,351.57,349.84,-1.056
44,72,1,187.97,184.25,182.62,0.25128
44,168,1,132.86,134.18,134.07,-0.077604
44,336,1,111.85,106.82,107.84,0.31836
44,504,1,81.583,82.056,83.783,-0.22462
44,672,1,62.603,61.845,63.932,-0.17759
44,840,1,47.198,45.443,47.747,-0.098043
44,1008,1,35.755,32.156,34.592,0.28606
45,1.5,1,516.03,530.96,531.1,-0.24357
45,4,1,402.37,506.66,507.23,-1.7745
45,8,1,431.55,470.16,471.35,-0.72475
45,24,1,324.77,351.57,354.46,-0.71865
45,72,1,157.29,184.25,188.57,-1.422
45,168,1,146.74,134.18,139.45,0.44793
45,336,1,137.12,106.82,114.02,1.7346
45,504,1,98.576,82.056,90.247,0.7897
45,672,1,65.795,61.845,70.238,-0.54063
45,840,1,60.535,45.443,53.63,1.0988
45,1008,1,33.206,32.156,39.904,-1.4295
46,1.5,1,475.43,530.96,531.41,-0.90431
46,4,1,570.87,506.66,508.54,1.052
46,8,1,511.87,470.16,474.08,0.68422
46,24,1,407.43,351.57,361.09,1.1013
46,72,1,194.34,184.25,198.34,-0.17272
46,168,1,139.25,134.18,150.8,-0.65655
46,336,1,142.72,106.82,130.1,0.83106
46,504,1,134.23,82.056,109.96,1.8895
46,672,1,78.09,61.845,92.143,-1.3051
46,840,1,73.799,45.443,76.187,-0.26801
46,1008,1,66.813,32.156,61.961,0.66888
47,1.5,1,538.16,530.96,530.92,0.11707
47,4,1,540.81,506.66,506.48,0.58178
47,8,1,388.91,470.16,469.79,-1.4776
47,24,1,361.24,351.57,350.67,0.25871
47,72,1,174.02,184.25,182.88,-0.41557
47,168,1,152.63,134.18,132.49,1.3026
47,336,1,91.835,106.82,104.48,-1.0359
47,504,1,81.091,82.056,79.424,0.17945
47,672,1,63.355,61.845,59.137,0.60905
47,840,1,39.398,45.443,42.765,-0.67082
47,1008,1,29.24,32.156,29.57,-0.094766
48,1.5,1,574.78,530.96,530.97,0.70828
48,4,1,537.59,506.66,506.69,0.52355
48,8,1,388.13,470.16,470.21,-1.4983
48,24,1,388.99,351.57,351.7,0.90975
48,72,1,179.88,184.25,184.51,-0.21495
48,168,1,129.34,134.18,134.62,-0.33616
48,336,1,110.29,106.82,107.47,0.22433
48,504,1,88.704,82.056,82.808,0.60905
48,672,1,65.688,61.845,62.613,0.41956
48,840,1,42.406,45.443,46.183,-0.69732
48,1008,1,32.545,32.156,32.842,-0.076807
