ITER,OBJ,KCAT,THALFP,KCAT~KCAT,THALFP~THALFP,SDIN,SDSL,ESS
1,4067.08,4.11949,21.7801,1,1,4.15813,0.0579344,198.232
2,3584.38,4.00366,19.9361,1,1,2.19628,0.0761346,63.6252
3,3561.64,4.00485,19.2595,1,1,1.45556,0.0848001,123.301
4,3557.53,3.97855,19.2604,1,1,1.34854,0.0858894,160.859
5,3556.47,4.00045,18.9921,1,1,1.28473,0.0866848,179.471
6,3555.73,4.00542,18.8959,1,1,1.1898,0.0879115,193.695
7,3556.44,3.98997,19.1149,1,1,1.22261,0.0873405,188.979
8,3556.23,3.98986,19.0458,1,1,1.20525,0.0875289,190.952
9,3556.84,3.99401,19.1492,1,1,1.20269,0.0878091,187.266
10,3556.45,3.99397,19.0516,1,1,1.18907,0.0878522,186.731
11,3556.08,4.00315,18.9542,1,1,1.14564,0.0884192,191.454
12,3556.24,3.99325,18.9645,1,1,1.19069,0.087737,192.122
13,3556.68,3.99852,18.9952,1,1,1.20195,0.087639,192.131
14,3556.6,3.98359,19.0758,1,1,1.24207,0.0872664,188.972
15,3556.33,3.99319,19.0411,1,1,1.22894,0.0873713,190.468
16,3556.62,3.99248,19.0337,1,1,1.20594,0.087767,188.718
17,3556.32,3.99783,18.9741,1,1,1.17873,0.0879359,188.539
18,3557.09,3.98533,19.0475,1,1,1.21447,0.0875366,186.446
19,3556.31,3.99964,18.9522,1,1,1.17012,0.0880847,188.092
20,3556.68,3.99601,18.9932,1,1,1.19974,0.0877687,188.795
21,3556.25,3.99646,18.9025,1,1,1.23688,0.0873293,193.194
22,3556.27,3.99013,19.1247,1,1,1.21187,0.0877549,192.639
23,3556.91,3.98665,19.0856,1,1,1.22612,0.0874907,185.731
24,3556.73,3.99524,19.0853,1,1,1.24669,0.0871874,187.513
25,3556.16,4.01112,18.867,1,1,1.23353,0.0873249,189.675
26,3556.92,3.99516,19.0514,1,1,1.22804,0.0874892,190.583
27,3556.57,4.00003,18.9518,1,1,1.2142,0.0875669,186.37
28,3556.3,3.99192,19.1267,1,1,1.19904,0.0876521,187.722
29,3556.62,3.98946,18.9826,1,1,1.16058,0.0882979,192.644
30,3557.36,3.99575,18.9644,0.0473389,0.133427,1.17941,0.0882011,183.751
31,3513.6,4.00361,18.5789,0.0366599,0.0806164,1.17052,0.0879544,161.553
32,3510.79,4.0281,18.3733,0.0343077,0.0622235,1.2888,0.0865098,183.107
33,3509.74,4.02871,18.3349,0.0339673,0.0551973,1.26953,0.0866541,199.887
34,3510.44,4.0252,18.3114,0.0340961,0.0539027,1.28961,0.0863807,198.629
35,3510.59,4.021,18.3627,0.0343965,0.0523976,1.27353,0.0866355,195.459
36,3510.53,4.02017,18.4124,0.0337684,0.0538894,1.34335,0.0858411,195.841
37,3509.99,4.01021,18.4551,0.0344276,0.0502373,1.31316,0.0863304,199.594
38,3510.56,4.00924,18.4468,0.0352028,0.0512929,1.32581,0.0860569,199.104
39,3510.08,4.01289,18.4333,0.0353267,0.0494358,1.28637,0.0865251,197.95
40,3509.97,4.01467,18.4149,0.0343398,0.0495543,1.30212,0.0862726,198.939
41,3510.41,4.01408,18.4152,0.0345349,0.049604,1.35021,0.0857819,200.794
42,3510.06,4.01966,18.3803,0.0342619,0.0464138,1.33051,0.086014,198.21
43,3510.05,4.01521,18.3663,0.0342964,0.046442,1.29439,0.0863803,200.015
44,3510.3,4.02076,18.3785,0.0336888,0.0477914,1.29866,0.0864321,197.437
45,3510.79,4.02626,18.2967,0.0346017,0.047617,1.30148,0.0864269,196.709
46,3510.17,4.01369,18.4259,0.0343188,0.0466407,1.34007,0.0858305,198.308
47,3510.25,4.01535,18.4583,0.0345255,0.0487582,1.32217,0.0861723,199.708
48,3510.44,4.014,18.4036,0.0349425,0.0487977,1.29643,0.0863374,198.037
49,3510.67,4.01685,18.4263,0.0351414,0.0482935,1.2776,0.0866084,194.197
50,3510.27,4.0174,18.4171,0.0348585,0.0481189,1.29659,0.086323,196.287
51,3510.42,4.0194,18.3958,0.0345064,0.0482595,1.32509,0.0861449,197.445
52,3510.69,4.0235,18.3275,0.0344325,0.0499685,1.29786,0.0864442,195.769
53,3510.52,4.01526,18.3382,0.0337856,0.0497578,1.30551,0.0861212,194.784
54,3510.17,4.01926,18.3862,0.0346949,0.0488224,1.31107,0.0862866,199.026
55,3510.11,4.01366,18.3745,0.0345462,0.0481349,1.27151,0.0866822,200.347
56,3510.2,4.01907,18.3626,0.0339246,0.0491419,1.2767,0.0866061,196.254
57,3510.64,4.01428,18.3924,0.0344708,0.0485034,1.33859,0.0859251,198.903
58,3509.83,4.01315,18.4156,0.0335189,0.0467437,1.30733,0.0862387,198.947
59,3510.13,4.00747,18.4727,0.0354334,0.0464332,1.2982,0.0863999,203.244
60,3510.55,4.01014,18.4466,0.0346826,0.0470653,1.34134,0.085908,196.747
61,3509.9,4.02217,18.3669,0.034902,0.0468301,1.26428,0.0868442,201.333
62,3510.6,4.02121,18.3214,0.0345713,0.0464098,1.33721,0.0859283,196.757
63,3510.57,4.02528,18.282,0.0347186,0.0469973,1.31559,0.0860602,197.367
64,3510.62,4.03199,18.2453,0.0343291,0.0465479,1.28463,0.086583,198.041
65,3510.12,4.02419,18.2579,0.0341283,0.0464322,1.26244,0.0868265,194.914
66,3510.31,4.0302,18.2618,0.0348315,0.0474582,1.28406,0.0865929,200.532
67,3510.66,4.01135,18.3931,0.034739,0.0478755,1.29971,0.0863552,197.191
68,3510.5,4.01568,18.3814,0.0347027,0.0475808,1.2897,0.0864024,194.975
69,3510.64,4.02702,18.3006,0.0349617,0.0493733,1.27971,0.0866485,195.052
70,3510.63,4.01378,18.3722,0.0352841,0.0493626,1.28426,0.0865119,194.491
71,3510.18,4.01756,18.4075,0.0347671,0.0489796,1.27039,0.0867344,197.534
72,3510.07,4.01909,18.3731,0.0342369,0.0496639,1.28169,0.0865359,202.436
73,3510.31,4.02242,18.3445,0.0342392,0.0491028,1.30891,0.0861975,197.424
74,3510.27,4.01504,18.4059,0.0344081,0.0491687,1.28995,0.0864124,197.454
75,3510.25,4.01465,18.397,0.0349221,0.0471025,1.27688,0.0865625,201.054
76,3510.6,4.01305,18.4142,0.0340492,0.0480183,1.31086,0.086288,195.754
77,3510.76,4.01514,18.4567,0.0338499,0.0484123,1.35542,0.085643,196.533
78,3510.55,4.01176,18.4894,0.0347099,0.0495318,1.35542,0.085643,196.982
79,3509.53,4.02029,18.4038,0.034474,0.0504077,1.33448,0.0858442,200.762
80,3510.64,4.01846,18.3933,0.0346931,0.0509225,1.30887,0.0862226,201.256
81,3510.56,4.0146,18.4379,0.0346701,0.0506799,1.30887,0.0862226,194.877
82,3509.98,4.01904,18.3727,0.0341779,0.0502734,1.29198,0.0863321,197.517
83,3510.34,4.02621,18.3376,0.034998,0.052001,1.24912,0.0869515,199.064
84,3510.58,4.01836,18.391,0.0340041,0.0495743,1.28168,0.0866005,194.563
85,3510.41,4.02193,18.3471,0.0345542,0.0494345,1.26809,0.0867049,196.69
86,3510.45,4.0266,18.3091,0.0345713,0.047812,1.31018,0.086212,194.185
87,3510.3,4.01729,18.4075,0.0348197,0.0492236,1.25841,0.0867986,200.124
88,3510.77,4.01601,18.3503,0.0339205,0.0492354,1.339,0.0859659,196.117
89,3510,4.0223,18.3312,0.0342394,0.0468454,1.3181,0.0861878,199.121
90,3510.49,4.01957,18.309,0.0348001,0.0461086,1.31646,0.086033,197.495
91,3510.48,4.01032,18.3766,0.0352077,0.0456026,1.29361,0.0864009,193.337
92,3510.48,4.02184,18.3927,0.0336058,0.0471284,1.29361,0.0864009,196.239
93,3510.13,4.01958,18.3521,0.0346517,0.0466295,1.27818,0.0866202,197.567
94,3510.69,4.00865,18.4423,0.0353299,0.0482054,1.29882,0.0863641,199.148
95,3510.08,4.00696,18.4227,0.0348015,0.0474094,1.26974,0.0866804,194.762
96,3510.44,4.00788,18.4835,0.0348697,0.0487226,1.32989,0.0861018,200.915
97,3510.83,4.01541,18.3936,0.034199,0.0495756,1.30949,0.0862278,195.938
98,3510.52,4.01607,18.4059,0.0346539,0.0480636,1.3364,0.0860718,193.62
99,3510.57,4.01556,18.4439,0.0345894,0.0497576,1.28257,0.0865499,197.064
100,3510.16,4.01211,18.4118,0.0345172,0.0476171,1.29366,0.0865653,194.552
101,3510.22,4.01102,18.4096,0.0348391,0.0470059,1.33108,0.0859143,199.923
102,3510.44,4.01063,18.4371,0.0348969,0.0490002,1.37328,0.0853977,198.861
103,3510.15,4.01787,18.4273,0.0342984,0.0488708,1.33074,0.0859413,200.411
104,3510.19,4.01707,18.3528,0.0346211,0.0489598,1.30801,0.08625,198.851
105,3510.23,4.01669,18.462,0.0346628,0.049559,1.26721,0.0867135,196.532
106,3510.75,4.02355,18.3875,0.0345586,0.0498849,1.31722,0.0862511,196.048
107,3510.74,4.01941,18.292,0.0345023,0.0491471,1.33517,0.0859578,194.683
108,3510.26,4.01921,18.3401,0.03495,0.0463242,1.33849,0.0858327,195.743
109,3510.78,4.01207,18.3992,0.0356927,0.0454869,1.32394,0.0860188,194.788
110,3511.07,4.01355,18.368,0.0350417,0.0464191,1.33154,0.0858916,196.421
111,3510.39,4.01608,18.383,0.0341751,0.0488136,1.27337,0.086694,192.628
112,3510.58,4.01273,18.4358,0.0346174,0.0494036,1.26599,0.0868468,196.351
113,3510.78,4.01929,18.3918,0.0346323,0.0502001,1.26339,0.0868341,192.745
114,3510.22,4.02882,18.2718,0.0334503,0.0505885,1.30529,0.0863407,197.798
115,3510.35,4.02278,18.2944,0.0334017,0.0499113,1.34319,0.0858203,199.482
116,3510.41,4.02178,18.3404,0.0344472,0.050204,1.30921,0.086239,200.243
117,3510.35,4.02123,18.33,0.0347855,0.0478769,1.25671,0.0868657,198.628
118,3510.65,4.02184,18.4032,0.034828,0.0487309,1.26378,0.0868039,193.656
119,3510.34,4.01735,18.4349,0.035437,0.0485996,1.25153,0.0870042,195.13
120,3510.24,4.01962,18.3764,0.0347754,0.0487567,1.28665,0.0866092,197.435
121,3509.96,4.02102,18.3151,0.0350292,0.0474818,1.29829,0.0862898,203.188
122,3510.34,4.02275,18.3544,0.0344908,0.0485138,1.30995,0.086211,199.119
123,3510.79,4.02293,18.3301,0.0347873,0.049305,1.32148,0.0861327,197.362
124,3510.51,4.0244,18.3369,0.0345928,0.0491773,1.29715,0.0863374,194.256
125,3510.28,4.02567,18.3367,0.0354803,0.0493911,1.35745,0.0854954,197.9
126,3510.23,4.01803,18.3935,0.0344319,0.049107,1.26775,0.0867235,197.502
127,3510.03,4.02024,18.3579,0.034476,0.0494163,1.2878,0.0864917,200.666
128,3510.32,4.02288,18.3123,0.0341063,0.0484813,1.31008,0.0862815,199.044
129,3509.9,4.01571,18.3642,0.0344279,0.0473018,1.28358,0.0865073,200.039
130,3510.59,4.0187,18.3748,0.0346268,0.046771,1.33044,0.0859647,197.645
131,3510.6,4.02062,18.3641,0.0351615,0.0459746,1.38324,0.0854316,195.975
132,3511.04,4.01856,18.3559,0.0350514,0.0481309,1.36528,0.0855784,194.841
133,3510.36,4.02404,18.38,0.0341262,0.0491626,1.35905,0.0855217,193.441
134,3510.17,4.01343,18.4016,0.0344667,0.0488126,1.31715,0.0860861,201.938
135,3509.87,4.01824,18.3532,0.0345029,0.0478887,1.28615,0.086609,198.898
136,3510.49,4.01118,18.3837,0.0343744,0.049095,1.23924,0.0871175,196.976
137,3510.57,4.01644,18.3489,0.0347453,0.0507515,1.27021,0.0866753,199.049
138,3510.29,4.01138,18.4397,0.0343876,0.0499871,1.31751,0.085936,196.741
139,3510.14,4.01734,18.3645,0.0340504,0.0480633,1.26515,0.0867387,198.754
140,3510.5,4.02143,18.3962,0.0340239,0.0486686,1.26932,0.0867906,195.866
141,3510.08,4.00979,18.4289,0.0350924,0.0483451,1.26818,0.0867659,199.099
142,3510.3,4.01235,18.4084,0.0349054,0.046997,1.32212,0.0860816,200.42
143,3510.14,4.01217,18.4221,0.0344443,0.0468921,1.35263,0.0857126,201.01
144,3510.39,4.01654,18.4121,0.0351314,0.0469542,1.321,0.0860257,198.271
145,3510.08,4.01378,18.4175,0.0341493,0.0470114,1.27456,0.0866104,198.509
146,3510.13,4.02083,18.3406,0.0340649,0.0467719,1.28228,0.0865132,199.033
147,3509.84,4.01663,18.3601,0.0347404,0.0461567,1.31051,0.0861548,202.219
148,3510.58,4.00618,18.4515,0.0351371,0.0466088,1.31609,0.0860854,201.073
149,3510.38,4.01767,18.3622,0.0345796,0.0478778,1.32236,0.0861584,196.039
150,3510.62,4.01075,18.4509,0.0345833,0.0464523,1.29532,0.086533,196.28
