REPLICATE,PARAMETER,KIND,SIMULATED,SAMPLE,ESTIMATE
1,KCAT,mean,4.6,4.673,4.5302
1,THALFP,mean,16,16.16,17.307
1,KCAT,variance,0.04,0.050481,0.051941
1,THALFP,variance,0.0225,0.023244,0.081365
1,SDIN,residual,2,NA,1.8627
1,SDSL,residual,0.08,NA,0.080031
2,KCAT,mean,4.6,4.7217,4.6877
2,THALFP,mean,16,16.4,17.212
2,KCAT,variance,0.04,0.018714,0.010541
2,THALFP,variance,0.0225,0.0095066,0.0036071
2,SDIN,residual,2,NA,2.5195
2,SDSL,residual,0.08,NA,0.068438
3,KCAT,mean,4.6,4.39,4.2689
3,THALFP,mean,16,15.514,16.81
3,KCAT,variance,0.04,0.019174,0.026691
3,THALFP,variance,0.0225,0.026685,0.022458
3,SDIN,residual,2,NA,2.6086
3,SDSL,residual,0.08,NA,0.072108
4,KCAT,mean,4.6,4.4962,4.6629
4,THALFP,mean,16,16.174,15.075
4,KCAT,variance,0.04,0.069607,0.048375
4,THALFP,variance,0.0225,0.029286,0.031948
4,SDIN,residual,2,NA,1.8825
4,SDSL,residual,0.08,NA,0.080156
5,KCAT,mean,4.6,4.8964,4.94
5,THALFP,mean,16,15.94,16.087
5,KCAT,variance,0.04,0.045916,0.030667
5,THALFP,variance,0.0225,0.022905,0.062027
5,SDIN,residual,2,NA,1.4211
5,SDSL,residual,0.08,NA,0.090574
6,KCAT,mean,4.6,4.9176,4.801
6,THALFP,mean,16,16.202,17.858
6,KCAT,variance,0.04,0.060649,0.038889
6,THALFP,variance,0.0225,0.046235,0.060636
6,SDIN,residual,2,NA,1.2807
6,SDSL,residual,0.08,NA,0.093177
7,KCAT,mean,4.6,4.6745,4.5101
7,THALFP,mean,16,18.449,20.307
7,KCAT,variance,0.04,0.035212,0.032758
7,THALFP,variance,0.0225,0.029513,0.11656
7,SDIN,residual,2,NA,2.0476
7,SDSL,residual,0.08,NA,0.074183
8,KCAT,mean,4.6,4.624,4.5056
8,THALFP,mean,16,16.91,17.57
8,KCAT,variance,0.04,0.037206,0.033968
8,THALFP,variance,0.0225,0.028896,0.036532
8,SDIN,residual,2,NA,1.7143
8,SDSL,residual,0.08,NA,0.085079
9,KCAT,mean,4.6,4.6722,4.8648
9,THALFP,mean,16,16.146,14.71
9,KCAT,variance,0.04,0.040287,0.049704
9,THALFP,variance,0.0225,0.017242,0.001673
9,SDIN,residual,2,NA,1.6373
9,SDSL,residual,0.08,NA,0.083753
10,KCAT,mean,4.6,4.2585,4.404
10,THALFP,mean,16,15.481,14.964
10,KCAT,variance,0.04,0.024491,0.010062
10,THALFP,variance,0.0225,0.025319,0.0030782
10,SDIN,residual,2,NA,2.1808
10,SDSL,residual,0.08,NA,0.080085
11,KCAT,mean,4.6,4.8017,4.8708
11,THALFP,mean,16,15.508,15.527
11,KCAT,variance,0.04,0.070733,0.067282
11,THALFP,variance,0.0225,0.022125,0.0051771
11,SDIN,residual,2,NA,2.5498
11,SDSL,residual,0.08,NA,0.073561
12,KCAT,mean,4.6,4.6496,4.8381
12,THALFP,mean,16,16.385,14.856
12,KCAT,variance,0.04,0.024406,0.022768
12,THALFP,variance,0.0225,0.0065953,0.0016047
12,SDIN,residual,2,NA,1.7278
12,SDSL,residual,0.08,NA,0.083378
13,KCAT,mean,4.6,4.8652,4.7724
13,THALFP,mean,16,16.011,17.028
13,KCAT,variance,0.04,0.034851,0.025557
13,THALFP,variance,0.0225,0.030307,0.028934
13,SDIN,residual,2,NA,2.328
13,SDSL,residual,0.08,NA,0.073364
14,KCAT,mean,4.6,4.5234,4.3996
14,THALFP,mean,16,15.846,16.591
14,KCAT,variance,0.04,0.048211,0.038519
14,THALFP,variance,0.0225,0.047695,0.024672
14,SDIN,residual,2,NA,1.9924
14,SDSL,residual,0.08,NA,0.083356
15,KCAT,mean,4.6,4.6594,4.6602
15,THALFP,mean,16,16.886,16.735
15,KCAT,variance,0.04,0.0284,0.037036
15,THALFP,variance,0.0225,0.029706,0.017444
15,SDIN,residual,2,NA,3.168
15,SDSL,residual,0.08,NA,0.066695
16,KCAT,mean,4.6,4.5663,4.716
16,THALFP,mean,16,17.072,17.01
16,KCAT,variance,0.04,0.050884,0.040056
16,THALFP,variance,0.0225,0.019498,0.0019662
16,SDIN,residual,2,NA,2.5524
16,SDSL,residual,0.08,NA,0.064902
