ITER,OBJ,CLMPL,VMPL,KCOUT,IC50MC,KINL,KBE,IC50CL,IC50ML,KT,IC50MW,CLMPL~CLMPL,VMPL~VMPL,KCOUT~KCOUT,IC50MC~IC50MC,KINL~KINL,KBE~KBE,IC50CL~IC50CL,IC50ML~IC50ML,KT~KT,IC50MW~IC50MW,SDPK,SDCORT,SDLYM,SDWBLP,ESS
1,15035.7,22.0516,78.0388,0.341421,1.93427,1349.71,0.286281,80.2066,13.8272,0.288215,1.35318,1,1,1,1,1,1,1,1,1,1,0.102026,0.310679,0.156405,0.450949,52.1452
2,14677.4,22.0756,79.814,0.310198,1.63367,1311.97,0.285392,84.6238,15.6676,0.241658,1.19015,1,1,1,1,1,1,1,1,1,1,0.0670028,0.314221,0.142701,0.465323,15.5245
3,14565.4,22.5326,79.0161,0.303042,1.51253,1339.02,0.296635,86.1899,16.4762,0.226829,1.12113,1,1,1,1,1,1,1,1,1,1,0.0587327,0.314519,0.14042,0.47539,13.0281
4,14566.9,22.0275,77.8941,0.299415,1.5824,1316.48,0.299463,92.8618,17.3514,0.218873,1.13798,1,1,1,1,1,1,1,1,1,1,0.0569252,0.315652,0.14042,0.470278,14.0772
5,14553.5,21.8846,78.3135,0.298863,1.55046,1305.69,0.295122,90.7963,17.8649,0.218529,1.14788,1,1,1,1,1,1,1,1,1,1,0.0558544,0.313486,0.140186,0.47387,14.8388
6,14553.1,23.1438,78.3531,0.293653,1.50517,1308.43,0.293577,88.4729,17.4682,0.228593,1.12637,1,1,1,1,1,1,1,1,1,1,0.0560981,0.314762,0.139654,0.480077,16.0179
7,14552.2,22.6365,78.9988,0.291344,1.47978,1294.93,0.298882,92.5416,18.2543,0.229868,1.11295,1,1,1,1,1,1,1,1,1,1,0.0562036,0.314105,0.140315,0.479174,19.2079
8,14548.6,22.5011,78.8127,0.2871,1.45449,1293.75,0.298503,94.33,18.3222,0.214221,1.09058,1,1,1,1,1,1,1,1,1,1,0.0554833,0.314561,0.139566,0.477331,18.5069
9,14550.7,22.522,79.1125,0.291187,1.44643,1310.77,0.297269,91.5235,17.8785,0.218234,1.11056,1,1,1,1,1,1,1,1,1,1,0.0558324,0.313299,0.13905,0.478352,19.8871
10,14551.7,22.1851,78.2155,0.294857,1.49423,1313.91,0.295524,89.7416,17.6227,0.21696,1.10776,1,1,1,1,1,1,1,1,1,1,0.0556159,0.312308,0.138182,0.475564,22.0333
11,14554.6,22.3912,79.4291,0.298877,1.44608,1297.61,0.294041,91.2359,17.5372,0.22789,1.14519,1,1,1,1,1,1,1,1,1,1,0.0558861,0.314808,0.140147,0.477694,27.2701
12,14549.2,22.1591,76.7531,0.287619,1.45002,1334.55,0.297573,88.7673,16.849,0.221581,1.08678,1,1,1,1,1,1,1,1,1,1,0.0559002,0.314618,0.139478,0.4806,27.5901
13,14550.9,22.2969,77.6489,0.291722,1.43642,1300.87,0.294941,91.2612,17.8792,0.221093,1.06668,1,1,1,1,1,1,1,1,1,1,0.0559561,0.315196,0.139338,0.484098,29.967
14,14544.6,22.4727,77.6922,0.29089,1.47565,1305.7,0.295541,91.3121,17.3405,0.218531,1.08624,1,1,1,1,1,1,1,1,1,1,0.0549936,0.314861,0.138395,0.47842,32.1164
15,14543.2,22.6242,78.165,0.293989,1.47168,1316.08,0.300251,92.8146,17.4526,0.22164,1.06526,1,1,1,1,1,1,1,1,1,1,0.0552747,0.313164,0.137965,0.47935,36.1536
16,14547.4,22.6503,78.7162,0.29317,1.45474,1303.75,0.299734,94.5715,17.6365,0.218532,1.07445,1,1,1,1,1,1,1,1,1,1,0.0547609,0.312955,0.138012,0.477568,37.1289
17,14547.3,22.7619,79.2233,0.294735,1.49243,1295.1,0.294279,92.5924,17.9686,0.221568,1.07651,1,1,1,1,1,1,1,1,1,1,0.0556643,0.311865,0.138377,0.475895,38.7098
18,14546.9,22.6704,79.1715,0.290538,1.44048,1292.84,0.297961,93.8861,18.2237,0.214784,1.07197,1,1,1,1,1,1,1,1,1,1,0.0552765,0.314016,0.138606,0.479909,42.7929
19,14545.9,22.6596,80.3507,0.287613,1.45856,1293.11,0.296915,94.161,17.7948,0.215651,1.08203,1,1,1,1,1,1,1,1,1,1,0.0550411,0.312938,0.1382,0.480984,40.2584
20,14544.3,22.4744,79.2029,0.293654,1.46425,1293.68,0.29402,91.3882,17.5801,0.213569,1.07456,1,1,1,1,1,1,1,1,1,1,0.0551252,0.314151,0.138134,0.479399,39.7289
21,14545.1,21.8963,79.8489,0.292538,1.44949,1287.76,0.296546,93.0595,18.3891,0.217379,1.08984,1,1,1,1,1,1,1,1,1,1,0.0554095,0.313162,0.138663,0.479185,38.378
22,14543,22.4918,78.9366,0.291756,1.44524,1291.42,0.294444,91.5015,17.7995,0.223825,1.07503,1,1,1,1,1,1,1,1,1,1,0.055251,0.31458,0.137408,0.481353,42.1823
23,14541.7,21.9469,77.3926,0.2938,1.47492,1298.68,0.296701,92.5974,17.6883,0.218125,1.06302,1,1,1,1,1,1,1,1,1,1,0.0548337,0.314245,0.137222,0.484006,41.7616
24,14546.1,22.1804,77.6984,0.288579,1.44999,1287.52,0.295694,93.3765,17.8622,0.225273,1.0899,1,1,1,1,1,1,1,1,1,1,0.0550964,0.314623,0.137975,0.481657,46.1565
25,14548.3,22.49,76.6392,0.29186,1.45888,1292.84,0.29545,92.0978,18.0445,0.225496,1.08657,1,1,1,1,1,1,1,1,1,1,0.0556833,0.313488,0.137798,0.48384,44.2249
26,14542.5,22.4531,78.9311,0.294544,1.45464,1290,0.298058,94.3295,18.0873,0.220338,1.07816,1,1,1,1,1,1,1,1,1,1,0.0549183,0.31296,0.137507,0.481421,40.177
27,14547.3,22.5127,78.661,0.29174,1.46781,1290.82,0.297789,94.1857,18.3366,0.218126,1.09228,1,1,1,1,1,1,1,1,1,1,0.055485,0.313004,0.137769,0.48137,46.6653
28,14548.1,22.6307,78.4495,0.295532,1.47684,1306.24,0.29748,91.7434,17.9713,0.217496,1.07761,1,1,1,1,1,1,1,1,1,1,0.0552651,0.31398,0.137647,0.480826,43.1485
29,14545.7,22.6698,79.4051,0.294782,1.46528,1290.77,0.29882,94.4356,18.1074,0.212852,1.08306,1,1,1,1,1,1,1,1,1,1,0.0550593,0.313893,0.137829,0.484986,44.1621
30,14548.3,22.2522,78.7401,0.294993,1.47389,1285.34,0.296339,94.0071,17.894,0.216902,1.08137,0.272297,0.298329,0.262417,1.17517,0.178547,0.198883,0.305693,0.727946,0.930321,0.70052,0.0554137,0.314249,0.138527,0.479111,47.1746
31,14368.2,22.0287,79.5501,0.297597,1.52358,1273.52,0.293949,92.0353,18.1011,0.216044,1.12381,0.0952673,0.0994589,0.106794,1.21689,0.115012,0.105678,0.186595,0.660375,0.861358,0.662698,0.0554349,0.313723,0.138311,0.482376,28.6292
32,14277.2,22.1858,78.3452,0.295923,1.49325,1277.88,0.295793,90.6056,18.2786,0.222646,1.07164,0.0297017,0.0430802,0.0444007,1.17718,0.0998171,0.0780488,0.139811,0.649682,0.795218,0.587165,0.0549983,0.31258,0.138268,0.482372,27.3483
33,14220,22.4246,78.5235,0.296338,1.54266,1286.11,0.297443,90.0431,18.4886,0.216744,1.12907,0.0141471,0.0235136,0.0274768,1.2457,0.0928538,0.0758353,0.120119,0.660151,0.71257,0.5616,0.05503,0.314114,0.137715,0.48012,28.1441
34,14199.5,22.3668,78.5638,0.290565,1.51092,1268.67,0.291385,88.7543,18.2958,0.220613,1.14412,0.0101566,0.0168994,0.0222526,1.39272,0.0931021,0.0666086,0.107097,0.602935,0.807011,0.54878,0.0550675,0.312902,0.138313,0.483683,32.9589
35,14194.7,22.3504,78.8504,0.292372,1.51343,1265.84,0.291729,89.1197,17.656,0.218701,1.08277,0.00906717,0.0141691,0.0221457,1.35371,0.0919066,0.0598724,0.104342,0.680269,0.716608,0.569717,0.0549089,0.313042,0.139086,0.482785,36.2332
36,14196.9,22.4237,78.0584,0.294249,1.3361,1287.72,0.2936,87.3732,16.9885,0.21652,1.12354,0.00902255,0.0126651,0.0193738,1.22846,0.07941,0.0598578,0.0986824,0.593879,0.826705,0.553967,0.0556298,0.313291,0.13911,0.48559,40.8705
37,14186.6,22.2199,78.394,0.294466,1.43894,1312.1,0.297783,86.1734,18.24,0.215012,1.09538,0.00945198,0.0130185,0.0189976,1.23856,0.0695392,0.0769991,0.0852897,0.676379,0.770853,0.53085,0.0549161,0.312423,0.138424,0.478544,35.0468
38,14190.6,22.4642,77.7148,0.298603,1.40131,1314.3,0.295131,84.6039,18.9563,0.218847,1.0737,0.00957529,0.0149827,0.017884,1.15132,0.0737094,0.0673302,0.0801473,0.786656,0.747605,0.509587,0.0549676,0.314381,0.139556,0.483694,37.3292
39,14203.3,22.4056,78.7395,0.293119,1.62039,1295.77,0.289748,83.7259,16.9877,0.221709,1.03246,0.00891929,0.0135425,0.0170129,1.52875,0.0809218,0.0734309,0.0845176,0.682167,0.795828,0.557915,0.055225,0.314399,0.140965,0.482431,40.5351
40,14194.7,22.418,78.4341,0.291676,1.66409,1292.24,0.291715,85.2393,17.5074,0.221436,1.07317,0.00888096,0.0126203,0.0165965,1.31273,0.0743801,0.0782336,0.0773646,0.68422,0.778576,0.56289,0.0551637,0.313529,0.140151,0.482721,41.2571
41,14186.2,22.4931,78.7283,0.293096,1.46328,1293.13,0.293189,85.8131,19.1457,0.215152,1.01464,0.00809145,0.0135792,0.0157579,1.16659,0.0727836,0.0727074,0.0753536,0.67983,0.769845,0.555508,0.0548127,0.31277,0.138619,0.48033,36.7746
42,14185.8,22.1887,78.881,0.294116,1.41447,1279.99,0.29252,86.6011,18.1278,0.198958,1.06473,0.0088522,0.0136603,0.0147957,1.15133,0.0827254,0.0690824,0.0722946,0.68525,0.816312,0.470584,0.0548592,0.313752,0.13849,0.484351,37.5641
43,14189.7,22.4054,78.4135,0.293652,1.47134,1274.22,0.294607,88.602,18.8299,0.199121,1.0537,0.00850648,0.0123105,0.0167741,1.15604,0.0867385,0.0640712,0.0764511,0.723708,0.76224,0.480155,0.0551192,0.313291,0.139484,0.482006,42.5329
44,14191.7,22.3615,77.7116,0.295777,1.47283,1254.26,0.289319,88.1997,18.7885,0.19933,1.09935,0.00784431,0.0138347,0.02075,1.26923,0.083645,0.0687751,0.0696318,0.697699,0.648738,0.563673,0.0554444,0.315348,0.139023,0.481116,42.2221
45,14189.1,22.5231,78.0019,0.295284,1.40131,1281.76,0.295546,88.2719,17.8498,0.20499,1.09636,0.00991891,0.0145982,0.0190172,1.19916,0.085905,0.0748972,0.0715534,0.683514,0.741841,0.512516,0.0552627,0.313063,0.138252,0.48143,35.3519
46,14190.3,22.4432,77.2064,0.295013,1.3828,1292.91,0.295791,87.28,18.2052,0.202927,1.0653,0.00886498,0.0149756,0.0180343,1.27246,0.0803327,0.0693834,0.0745104,0.653918,0.67816,0.475995,0.0552581,0.31392,0.138549,0.482399,42.8834
47,14183.7,22.4183,78.4929,0.293558,1.45733,1285.25,0.295062,87.4251,18.2412,0.203264,1.05497,0.00838995,0.0134176,0.0171197,1.32902,0.0790097,0.0741273,0.0775333,0.709886,0.698855,0.461844,0.0547828,0.313604,0.139368,0.484811,41.4988
48,14186.2,22.2551,79.2862,0.298325,1.40825,1280.82,0.295434,88.8501,19.2952,0.20627,1.0523,0.00830926,0.0137862,0.017907,1.29202,0.0734554,0.0839335,0.0737072,0.777286,0.802415,0.44922,0.0550389,0.314455,0.13831,0.485475,40.097
49,14192.5,22.3741,79.7419,0.294561,1.40862,1293.21,0.297216,88.2291,18.718,0.210008,1.05213,0.00866329,0.013889,0.0191071,1.28464,0.0773311,0.0765749,0.0676588,0.732681,0.786947,0.454097,0.0552832,0.314462,0.137694,0.483805,41.5691
50,14195.3,22.4792,78.4197,0.293394,1.49376,1292.68,0.296166,88.1879,17.9679,0.212969,1.08451,0.00969568,0.0114508,0.0191786,1.29442,0.0777402,0.0729713,0.0646778,0.742455,0.757702,0.507706,0.0554646,0.312562,0.137848,0.480667,39.353
51,14198,22.3486,78.6763,0.290162,1.5218,1284.92,0.29458,87.4257,18.9788,0.21332,1.12128,0.00954353,0.0131477,0.0206572,1.309,0.0782717,0.0816626,0.06563,0.720749,0.698808,0.530645,0.055036,0.312159,0.139149,0.484349,39.3307
52,14188.6,22.4669,79.1212,0.290871,1.52815,1293.49,0.296427,87.6518,18.9464,0.221073,1.10047,0.0084604,0.0138803,0.0205126,1.30181,0.0735114,0.0831268,0.0695503,0.696486,0.692452,0.515007,0.0548176,0.313282,0.137942,0.484538,41.892
53,14186.8,22.4292,78.2642,0.29557,1.47969,1286.8,0.29686,88.4007,19.3282,0.218947,1.06961,0.00848972,0.0134547,0.0198298,1.25379,0.0725358,0.0828248,0.0659162,0.727384,0.659787,0.486643,0.0551409,0.313077,0.137958,0.486263,43.4301
54,14187.8,22.4124,78.4754,0.296629,1.42653,1286.23,0.298337,89.5215,18.0859,0.222746,1.04696,0.00908678,0.0146201,0.01837,1.20426,0.0773998,0.0810117,0.0635773,0.635557,0.640669,0.487916,0.0551842,0.314094,0.138685,0.488922,43.4095
55,14182.8,22.3865,78.5967,0.296736,1.34187,1299.25,0.299824,88.96,19.1492,0.217476,1.05592,0.00861419,0.0127863,0.0191731,1.32473,0.0742784,0.0735545,0.0644142,0.651227,0.624915,0.527424,0.0551023,0.313191,0.138187,0.483452,45.2708
56,14185,22.4081,78.2928,0.293367,1.39964,1282.41,0.295863,88.8225,18.3871,0.211682,1.04485,0.00820945,0.0123898,0.018042,1.27565,0.0811597,0.0692942,0.0688974,0.616971,0.641116,0.511437,0.0553458,0.314165,0.138391,0.483277,45.3515
57,14187.7,22.4844,77.9762,0.291615,1.33062,1283.15,0.294263,87.7143,18.1917,0.209188,1.05038,0.00828616,0.0135468,0.0167319,1.3256,0.0818951,0.0657421,0.0694763,0.634264,0.643561,0.496468,0.0552324,0.314964,0.13788,0.483764,47.8777
58,14195.7,22.5595,78.4081,0.294344,1.23865,1287.45,0.296613,88.4904,18.7485,0.205431,1.06844,0.00895041,0.0125391,0.0178589,1.45851,0.0763759,0.0783998,0.0652925,0.682596,0.637954,0.477578,0.0547962,0.313031,0.13835,0.484302,50.9925
59,14189,22.427,77.95,0.295019,1.31344,1294.69,0.296594,87.6816,17.973,0.200992,1.04626,0.00847046,0.0136036,0.0170826,1.43054,0.0772189,0.0718005,0.06779,0.640925,0.731179,0.504501,0.0547218,0.313115,0.138762,0.484038,45.1199
60,14187.2,22.4705,78.0823,0.294862,1.43593,1282.45,0.297505,88.7728,18.3785,0.208576,1.04528,0.00826974,0.0134644,0.0168436,1.39465,0.0812756,0.0711927,0.0675326,0.668322,0.734461,0.489454,0.0551575,0.315399,0.137824,0.484656,49.9545
61,14183.3,22.4799,78.35,0.295171,1.34155,1284.03,0.294807,87.809,18.253,0.209247,1.07054,0.00874943,0.0126746,0.0171739,1.37856,0.0831236,0.0709368,0.0692025,0.665834,0.684982,0.511907,0.0550899,0.313302,0.137097,0.48628,46.8658
62,14184.9,22.4152,78.5389,0.295498,1.42872,1284.48,0.295429,88.0713,18.339,0.211916,1.0484,0.00848627,0.0129804,0.0171786,1.39201,0.0807563,0.0723424,0.0672921,0.675923,0.677628,0.485543,0.0549997,0.314272,0.13742,0.486254,50.4524
63,14183.2,22.4201,78.5397,0.294482,1.40313,1292.62,0.295996,87.6048,17.7058,0.213811,1.08146,0.00827836,0.012783,0.0166469,1.36649,0.0789757,0.0683112,0.0692345,0.681273,0.677285,0.497177,0.0550416,0.314426,0.138435,0.485546,49.3821
64,14186.3,22.4329,78.2427,0.293382,1.42526,1285.83,0.295313,87.7954,17.4017,0.210079,1.08112,0.00865251,0.0131919,0.0174313,1.37092,0.0843425,0.0674834,0.0688496,0.68079,0.697902,0.49063,0.0548415,0.314052,0.137734,0.481158,49.7665
65,14185,22.424,78.3664,0.295253,1.4967,1286.52,0.29627,88.3235,17.9748,0.211819,1.08993,0.00858737,0.0134347,0.0169011,1.35127,0.0782514,0.0729016,0.0647824,0.663769,0.687288,0.489514,0.0552348,0.312496,0.138395,0.480591,53.9212
66,14185.7,22.3872,78.5377,0.294788,1.4172,1281.83,0.295294,88.4174,17.7903,0.217487,1.12411,0.00882977,0.0138162,0.0174982,1.28569,0.0822434,0.0732224,0.0657483,0.646489,0.670635,0.512634,0.0552338,0.313217,0.138234,0.481088,54.9396
67,14190.3,22.4911,78.0425,0.294922,1.49859,1273.06,0.292976,88.1261,17.8084,0.214373,1.10961,0.00876434,0.0134961,0.0183669,1.35654,0.0887973,0.0690321,0.0653914,0.667236,0.670895,0.483874,0.0550547,0.313125,0.13813,0.481301,55.2002
68,14188.2,22.4586,78.3137,0.29445,1.40524,1282.05,0.293601,87.866,17.6743,0.209406,1.08102,0.00840699,0.0130548,0.0180252,1.36044,0.0831069,0.072637,0.0680101,0.668446,0.663522,0.491139,0.0549716,0.313598,0.138177,0.482622,53.092
69,14184.7,22.4125,78.4566,0.294834,1.39232,1280.25,0.294878,88.2078,18.3119,0.211678,1.07703,0.00854005,0.0129422,0.0176351,1.31771,0.0827307,0.071152,0.0641071,0.733279,0.655325,0.484003,0.0550158,0.314434,0.138524,0.480787,55.3612
70,14188,22.4147,78.2261,0.294474,1.45135,1278.08,0.292924,87.3962,17.8259,0.211159,1.05649,0.00879187,0.0128399,0.0168993,1.3207,0.0847461,0.0697777,0.0673734,0.694548,0.671067,0.517573,0.0553363,0.314053,0.138381,0.485124,58.6892
71,14185.5,22.4098,78.5202,0.294215,1.40039,1285.22,0.294986,87.672,18.4184,0.21206,1.0355,0.00836782,0.0128371,0.016899,1.37105,0.0808452,0.0693965,0.0647094,0.703495,0.671317,0.482763,0.0549398,0.31395,0.138487,0.48227,51.5287
72,14187.9,22.4392,78.6602,0.294306,1.42367,1286.12,0.295322,87.8615,18.3052,0.213895,1.04834,0.00907298,0.0131832,0.016609,1.33641,0.0803892,0.0684435,0.0641619,0.678133,0.690714,0.496782,0.055446,0.313286,0.137919,0.481246,57.4802
73,14187.4,22.4527,78.6272,0.294375,1.44442,1286.02,0.296347,88.21,18.3422,0.213485,1.05288,0.00885671,0.0131482,0.0163472,1.29462,0.0806877,0.0710483,0.0674059,0.690015,0.681119,0.507247,0.0553092,0.313165,0.138281,0.479729,56.9536
74,14187.5,22.394,78.5879,0.29358,1.41675,1277.39,0.294828,88.8011,18.1977,0.216891,1.09368,0.00874284,0.0131974,0.0162819,1.27991,0.0822714,0.0701753,0.0686516,0.673186,0.676545,0.517768,0.0551958,0.3145,0.138856,0.480421,54.5263
75,14185.6,22.4403,78.3252,0.293365,1.44479,1280.58,0.295299,88.3714,18.4123,0.214704,1.10703,0.00842455,0.0129722,0.0163021,1.31688,0.0821781,0.0703974,0.0659225,0.666686,0.661551,0.521031,0.0551378,0.313435,0.138075,0.482716,49.8352
76,14189.5,22.4042,78.415,0.293351,1.46522,1281.52,0.296388,88.7464,18.1128,0.210251,1.09164,0.00851506,0.0128441,0.0168244,1.32718,0.0801405,0.07313,0.0679401,0.675822,0.66511,0.50833,0.0549693,0.314129,0.138558,0.481606,53.3167
77,14187.5,22.4147,78.2496,0.294675,1.40832,1290.53,0.296882,88.3182,17.982,0.212544,1.08104,0.00828003,0.0128388,0.0168545,1.32176,0.0770099,0.0758128,0.0667535,0.664344,0.679537,0.493153,0.0550388,0.313866,0.138832,0.481298,55.3288
78,14186.8,22.4198,78.4646,0.293436,1.39233,1286.48,0.295828,87.9096,18.27,0.209127,1.09158,0.00837288,0.0128564,0.0170508,1.27745,0.0792471,0.073213,0.0657287,0.680782,0.681502,0.516282,0.0550631,0.313457,0.13852,0.480866,54.7947
79,14186.9,22.4157,78.3446,0.293286,1.44628,1287.21,0.295807,87.6609,18.229,0.21261,1.08863,0.00835573,0.0130406,0.0175842,1.28566,0.0775214,0.0713665,0.0642943,0.687308,0.656001,0.506674,0.0550026,0.3124,0.137875,0.48474,52.3437
80,14186.5,22.4513,78.4367,0.293586,1.4512,1295.12,0.297155,87.6207,17.7699,0.212052,1.09977,0.00852725,0.0132467,0.0171816,1.26263,0.0797332,0.069177,0.0629587,0.672349,0.665139,0.503602,0.0551811,0.314116,0.138604,0.482736,58.5421
81,14185.5,22.4133,78.3388,0.293475,1.43151,1296.92,0.297173,87.4087,17.9283,0.21639,1.09829,0.00838397,0.0128174,0.0164499,1.26033,0.0783767,0.0716721,0.0609253,0.671351,0.650878,0.491457,0.0554155,0.314329,0.138238,0.480072,52.6817
82,14188,22.4362,78.4208,0.294064,1.44475,1298.47,0.296061,86.7213,17.8147,0.21877,1.09719,0.00851876,0.0130467,0.0166141,1.27449,0.076878,0.0750925,0.061358,0.680888,0.66683,0.507816,0.0550693,0.313007,0.138223,0.484409,55.6984
83,14188.6,22.3994,78.4442,0.294069,1.44401,1299.57,0.296865,86.7199,18.0619,0.212223,1.09227,0.00863024,0.0132311,0.0168287,1.31203,0.0776604,0.0766294,0.0614075,0.712507,0.658086,0.502347,0.0552269,0.313156,0.138329,0.484917,57.4234
84,14183.9,22.4017,78.4237,0.293948,1.45778,1290.5,0.294939,87.1529,17.7569,0.21198,1.09319,0.0085529,0.0135294,0.0166509,1.30736,0.0772972,0.0752498,0.0609722,0.682719,0.656257,0.499188,0.0550673,0.313375,0.138017,0.481877,54.1167
85,14187.7,22.3997,78.4747,0.294203,1.43697,1287.63,0.296629,87.9288,18.0227,0.209521,1.07066,0.00849067,0.0134676,0.01722,1.30873,0.0794085,0.0754119,0.0620317,0.678971,0.655932,0.495264,0.0552244,0.314325,0.137921,0.480572,58.9441
86,14185.9,22.394,78.4054,0.294882,1.4589,1292.91,0.296392,87.5498,18.2958,0.207414,1.07593,0.00865964,0.0132432,0.0171553,1.33426,0.0778524,0.0746807,0.0626069,0.697567,0.679263,0.494895,0.0549862,0.314384,0.138453,0.48567,57.1316
87,14186.5,22.412,78.2459,0.294151,1.43426,1285.71,0.295344,87.9334,18.278,0.208629,1.06302,0.0084965,0.013137,0.0167025,1.29201,0.078682,0.0754948,0.0625127,0.673706,0.696756,0.485171,0.0551068,0.314509,0.137571,0.484793,54.4589
88,14185.8,22.4463,78.3099,0.294438,1.43544,1293.24,0.297599,88.2032,18.058,0.209302,1.06941,0.00849729,0.012938,0.0168748,1.26584,0.0760832,0.0745848,0.0634716,0.66803,0.696379,0.501351,0.055516,0.313023,0.13852,0.482618,56.3908
89,14184,22.4559,78.3052,0.294391,1.42003,1285.48,0.296493,88.08,18.0189,0.211034,1.06929,0.00845295,0.0129701,0.0171762,1.29168,0.0761865,0.0735149,0.0648063,0.685157,0.705204,0.505071,0.054844,0.312825,0.138214,0.486222,56.4711
90,14184.9,22.4401,78.5197,0.294564,1.41549,1290.46,0.295829,87.5465,18.0445,0.208859,1.07332,0.00837839,0.01303,0.0169785,1.29805,0.0802247,0.0727881,0.0652632,0.687848,0.689428,0.489478,0.0548991,0.314122,0.137932,0.484384,60.8591
91,14185.9,22.4167,78.2907,0.294326,1.40407,1288.13,0.295099,87.6428,18.1507,0.207061,1.07091,0.00839848,0.0129752,0.0170179,1.24841,0.0773232,0.0711798,0.0656053,0.673614,0.68005,0.484423,0.0547249,0.314294,0.138453,0.483893,55.4154
92,14186.3,22.4318,78.3975,0.293796,1.4256,1291.5,0.296687,87.7212,18.1664,0.209285,1.06867,0.00857202,0.0129912,0.016606,1.24978,0.0809008,0.0696304,0.0662295,0.663468,0.675975,0.487622,0.0550086,0.313513,0.138408,0.487656,56.1019
93,14182.7,22.4287,78.4058,0.294586,1.43861,1287.42,0.296463,88.0894,18.345,0.209693,1.06994,0.00847031,0.0129718,0.0168352,1.28064,0.0794255,0.0708378,0.0635545,0.665256,0.654197,0.490026,0.0552168,0.313465,0.137837,0.488222,59.5627
94,14186.7,22.4003,78.5874,0.294865,1.45733,1284.2,0.29506,87.8677,18.2338,0.209545,1.08331,0.00839121,0.0130995,0.0170345,1.27618,0.0809467,0.0735762,0.0625005,0.680184,0.65833,0.497822,0.055017,0.313915,0.138413,0.483517,60.3294
95,14186.5,22.4063,78.6383,0.294608,1.45052,1284.09,0.294965,87.7389,18.0675,0.210762,1.08379,0.00841643,0.0128728,0.0168343,1.26662,0.082979,0.0717823,0.0613551,0.66963,0.675124,0.518229,0.0551557,0.313517,0.138712,0.480838,59.5522
96,14188,22.4492,78.3296,0.294662,1.41323,1281.73,0.294129,87.8443,18,0.208589,1.07686,0.00854894,0.0130933,0.0171168,1.29508,0.08422,0.0722901,0.0603839,0.669769,0.686192,0.510703,0.0549124,0.314708,0.138593,0.4823,54.7148
97,14186.5,22.457,78.4765,0.293851,1.39976,1291.32,0.296516,87.8536,18.3112,0.209747,1.08303,0.00874771,0.0127892,0.0170382,1.27674,0.0825022,0.0723916,0.0617641,0.676799,0.706076,0.521439,0.0550803,0.313507,0.138283,0.482602,55.6595
98,14184.8,22.4375,78.6761,0.293592,1.4382,1287.63,0.29678,88.1799,18.3044,0.209609,1.09288,0.00872587,0.0128,0.0167424,1.32577,0.0770865,0.0733823,0.0613025,0.685006,0.697477,0.506032,0.0551892,0.312757,0.137827,0.482154,56.7811
99,14185.8,22.4314,78.4026,0.294111,1.42236,1293.61,0.297782,88.2699,18.2874,0.209104,1.09277,0.00859112,0.0128077,0.016752,1.28537,0.0746873,0.0747813,0.0608819,0.676056,0.664613,0.502694,0.0551834,0.313737,0.138893,0.481413,58.4504
100,14182,22.3811,78.3397,0.293847,1.4064,1279.48,0.295656,88.4312,18.4168,0.214659,1.07659,0.00840697,0.0129149,0.0168442,1.26104,0.0787492,0.0739527,0.0606013,0.677837,0.655886,0.501734,0.0550944,0.31463,0.138328,0.481836,59.7593
101,14185.2,22.4185,78.4718,0.294488,1.41729,1286.04,0.295504,87.9118,18.1816,0.213024,1.08626,0.00856609,0.0130342,0.0166853,1.26258,0.0791996,0.0699171,0.0590078,0.669961,0.67843,0.489932,0.0549069,0.312789,0.138528,0.485737,56.894
102,14186.1,22.4194,78.4045,0.293943,1.4223,1286.45,0.296235,88.2263,18.0142,0.214203,1.09066,0.00850196,0.0128029,0.0165361,1.27729,0.0804256,0.0699026,0.0606155,0.665721,0.688878,0.493466,0.0551842,0.31397,0.138539,0.485071,60.2997
103,14186.5,22.4504,78.5161,0.293609,1.43115,1290.39,0.29724,88.2947,17.9269,0.214198,1.08422,0.00862663,0.0130434,0.0169842,1.26659,0.0787237,0.0724981,0.0625687,0.6818,0.67624,0.493247,0.0551754,0.314112,0.138209,0.481679,57.6587
104,14187.2,22.4174,78.4236,0.293283,1.42221,1293.62,0.296387,87.5184,17.9846,0.213577,1.09299,0.00865629,0.0128978,0.0172054,1.29505,0.0781337,0.0725406,0.0632716,0.693611,0.676084,0.510344,0.0549646,0.313649,0.138177,0.479536,57.3854
105,14185.3,22.4313,78.3289,0.293995,1.42027,1287.12,0.297205,88.4739,18.0154,0.211623,1.08333,0.00843829,0.0129996,0.0163405,1.35263,0.0787626,0.0715061,0.0634901,0.677827,0.66447,0.500129,0.055294,0.313702,0.137738,0.484461,55.7093
106,14186.2,22.435,78.3019,0.294136,1.42796,1283.33,0.294911,87.8715,18.0942,0.215731,1.06888,0.0085336,0.0128083,0.0167801,1.32871,0.0790187,0.0704519,0.061828,0.672798,0.663559,0.48778,0.0550182,0.313656,0.138295,0.486426,57.9659
107,14185.3,22.4265,78.2473,0.294207,1.42324,1282.03,0.294429,87.6027,18.1361,0.214007,1.06452,0.00840899,0.0131302,0.0167346,1.29785,0.0787038,0.0721667,0.0622199,0.673627,0.680427,0.503144,0.054797,0.312523,0.138119,0.486169,56.598
108,14184.9,22.4107,78.3897,0.293677,1.41948,1277.69,0.294464,88.1387,18.3846,0.212494,1.0661,0.00832546,0.0129325,0.0173351,1.27444,0.0777387,0.0729851,0.0625813,0.655731,0.669936,0.506864,0.0550485,0.31352,0.138555,0.485986,55.9207
109,14184.9,22.4279,78.3393,0.293776,1.42836,1277.6,0.294131,88.0976,18.257,0.211129,1.07533,0.0085883,0.0125008,0.0171771,1.27222,0.0779978,0.0716012,0.0600664,0.683592,0.679306,0.485877,0.0549075,0.313276,0.13849,0.484398,58.9912
110,14186,22.4212,78.4595,0.293537,1.4083,1286.24,0.296646,88.2491,18.2513,0.213982,1.08561,0.00864636,0.013101,0.0171444,1.29685,0.0790121,0.0723284,0.0597576,0.690583,0.710082,0.512269,0.0552847,0.313549,0.138138,0.485236,58.9893
111,14184.6,22.3962,78.411,0.293781,1.41701,1289.71,0.296474,88.0586,18.1799,0.213645,1.06638,0.0085103,0.0127548,0.0169888,1.30907,0.0779987,0.0737248,0.0632542,0.676456,0.697413,0.506151,0.0550409,0.313849,0.138051,0.484546,53.7495
112,14183.8,22.4225,78.5448,0.293872,1.45229,1280.88,0.295623,88.5848,17.9827,0.21077,1.06678,0.0085363,0.0132008,0.0166969,1.30509,0.0787331,0.0712211,0.0637613,0.663315,0.703512,0.49669,0.0553323,0.315159,0.1379,0.481886,58.3508
113,14187.8,22.3989,78.3691,0.293886,1.43616,1285.35,0.297296,89.1158,18.4238,0.215336,1.07331,0.00862851,0.0131429,0.0163835,1.29476,0.0780357,0.0733509,0.0649165,0.663399,0.700342,0.505273,0.0554193,0.313789,0.137338,0.484121,54.5612
114,14185.1,22.4211,78.2845,0.294455,1.42365,1282.7,0.296481,88.9229,18.1384,0.212977,1.05165,0.00840073,0.0129905,0.0165467,1.2782,0.0773652,0.0725077,0.0657356,0.660157,0.715121,0.509682,0.0552279,0.314395,0.138386,0.486375,55.1679
115,14187.4,22.4073,78.386,0.294906,1.44673,1285.32,0.295155,88.3143,18.0578,0.21464,1.0712,0.00877756,0.012966,0.0176173,1.27445,0.0800598,0.0723747,0.0653096,0.659796,0.697273,0.485288,0.0552949,0.313837,0.137963,0.484828,58.9942
116,14186.4,22.3916,78.244,0.294137,1.43888,1279.24,0.294292,87.7826,18.3266,0.211968,1.09725,0.0086117,0.0131726,0.0172299,1.25803,0.0798809,0.0725766,0.0641583,0.679174,0.672632,0.49009,0.0552071,0.313729,0.138045,0.481928,57.1237
117,14183.2,22.4181,78.4918,0.294952,1.42127,1287.24,0.296255,88.3221,17.9325,0.212016,1.08542,0.00834958,0.0130584,0.0167495,1.2764,0.078337,0.0720073,0.0617405,0.656437,0.681713,0.491034,0.0550217,0.313775,0.138205,0.480966,53.8408
118,14185.2,22.4063,78.4277,0.29443,1.44665,1286.17,0.296692,88.5295,18.1428,0.211922,1.07229,0.00834432,0.0129888,0.0168684,1.29816,0.0767637,0.072614,0.0618128,0.672334,0.699774,0.498443,0.0550802,0.312555,0.137992,0.480445,61.0516
119,14184.4,22.4721,78.2973,0.293936,1.42967,1285.03,0.295956,88.5769,18.0923,0.209712,1.08208,0.00842427,0.0130103,0.0164525,1.28511,0.0757052,0.0741669,0.0647691,0.665584,0.672647,0.490306,0.0551246,0.313524,0.138218,0.486262,56.3245
120,14186.1,22.4252,78.4692,0.293682,1.44848,1279.9,0.295916,88.8117,18.1144,0.210232,1.079,0.00843862,0.0132234,0.0169957,1.32527,0.0779582,0.07098,0.0667613,0.665089,0.663809,0.483951,0.05495,0.313207,0.138298,0.485955,56.9186
121,14184.8,22.4426,78.4081,0.293658,1.44736,1281.18,0.295629,88.6659,18.0827,0.209386,1.08094,0.00857168,0.0129186,0.0166005,1.33477,0.0779794,0.0724262,0.0662497,0.674467,0.642832,0.484637,0.0552353,0.312539,0.137929,0.486668,58.0282
122,14186.6,22.4108,78.427,0.293733,1.44223,1281.84,0.294397,87.907,17.969,0.21404,1.07476,0.00841748,0.0128872,0.0171711,1.33172,0.0772158,0.0734961,0.0663251,0.671077,0.667527,0.500726,0.0552354,0.313055,0.13803,0.485871,57.8013
123,14185.5,22.405,78.282,0.294487,1.48094,1289.72,0.294903,87.074,17.8962,0.2102,1.07315,0.0085192,0.0131811,0.0169354,1.31248,0.0790129,0.071089,0.0661582,0.683173,0.655668,0.49483,0.0551749,0.313202,0.137732,0.480929,51.4956
124,14184,22.4113,78.3675,0.294354,1.46347,1285,0.294184,87.3987,17.6806,0.211555,1.05534,0.0083103,0.012875,0.0172289,1.30042,0.0809094,0.070852,0.0654166,0.670163,0.67047,0.483217,0.055158,0.3144,0.138093,0.481698,60.2186
125,14187.5,22.402,78.4068,0.294712,1.44812,1287.59,0.294688,86.9724,17.7805,0.21137,1.0708,0.00837788,0.0128772,0.0172759,1.30839,0.0792519,0.0709911,0.0656392,0.679839,0.665266,0.468476,0.0554699,0.313688,0.138484,0.481999,58.0528
126,14186,22.4173,78.4805,0.294394,1.44106,1281.9,0.294075,87.4211,17.9984,0.213493,1.06605,0.00841597,0.0129131,0.0169965,1.32272,0.0798601,0.0705221,0.0653877,0.673652,0.673848,0.483649,0.0553195,0.313963,0.138463,0.481082,57.3546
127,14182.8,22.4237,78.4653,0.293402,1.44979,1282.5,0.294231,87.6036,18.1576,0.214214,1.07496,0.00854926,0.013067,0.0171207,1.33704,0.0795207,0.0711466,0.0623077,0.683494,0.653384,0.486897,0.0548712,0.31325,0.138553,0.483371,58.3982
128,14188.6,22.4422,78.3621,0.293287,1.43181,1279.87,0.293918,87.9102,17.8249,0.21751,1.08668,0.00840961,0.0131643,0.0167839,1.33903,0.0808165,0.0696564,0.0633375,0.694926,0.668676,0.491138,0.0550626,0.312201,0.138656,0.481091,58.8321
129,14185.3,22.4344,78.2378,0.294058,1.43043,1280.32,0.293435,87.4186,17.8609,0.216946,1.08491,0.00846052,0.0128505,0.0172039,1.32299,0.0814223,0.0696676,0.0646072,0.691276,0.643544,0.486601,0.0552955,0.313455,0.137782,0.483685,54.7854
130,14185.1,22.4258,78.3539,0.29439,1.41831,1287.57,0.294636,87.307,18.0757,0.212335,1.07839,0.00847284,0.0130185,0.0168985,1.31179,0.0815833,0.0718577,0.0655248,0.689043,0.640499,0.476333,0.0548189,0.314355,0.138056,0.485313,58.9103
131,14184.6,22.4462,78.5337,0.294022,1.438,1284.28,0.295179,87.681,18.2679,0.208638,1.06123,0.00857133,0.0132139,0.0167745,1.30167,0.0807094,0.0725313,0.0661413,0.678108,0.652632,0.470561,0.0552812,0.31243,0.137721,0.48092,55.2367
132,14187.3,22.4111,78.6345,0.293853,1.44027,1284.75,0.294456,87.5695,18.0465,0.210251,1.07932,0.00839189,0.0128767,0.0173569,1.29769,0.0786668,0.0735512,0.0668546,0.664696,0.651226,0.465955,0.0549832,0.313954,0.138028,0.483728,56.0392
133,14187.1,22.3866,78.387,0.294099,1.43866,1288.11,0.295206,87.3428,17.8537,0.208954,1.06959,0.00850702,0.0132094,0.017006,1.29262,0.0803261,0.0717961,0.0668203,0.674069,0.652548,0.48227,0.0551738,0.314351,0.138896,0.482832,55.7471
134,14185.6,22.4158,78.2797,0.293598,1.4169,1288.46,0.294804,87.3,18.0645,0.206853,1.071,0.00844539,0.0132965,0.0168153,1.24943,0.0777563,0.0713464,0.0690634,0.660863,0.647742,0.481442,0.055212,0.312741,0.137879,0.485315,56.9379
135,14185.8,22.4298,78.3165,0.29355,1.42741,1291.46,0.296269,87.5808,18.1543,0.209517,1.06916,0.00835662,0.0135504,0.0165041,1.27038,0.0753958,0.0730021,0.0685985,0.697128,0.674676,0.50238,0.0550196,0.313318,0.137583,0.483898,54.9848
136,14186.9,22.4117,78.3743,0.294153,1.42658,1291.24,0.296441,87.779,18.1655,0.210878,1.07853,0.00842796,0.012947,0.017171,1.2961,0.0809635,0.0712211,0.0690912,0.665515,0.665572,0.495859,0.0551471,0.313352,0.13773,0.482802,57.7205
137,14187.4,22.4321,78.3765,0.293741,1.431,1290.92,0.295983,87.9373,18.287,0.208986,1.07946,0.00847347,0.0128851,0.0169228,1.30347,0.0770596,0.0680555,0.0714818,0.652515,0.646335,0.478293,0.0553595,0.31281,0.13803,0.483575,56.4163
138,14186,22.4269,78.4127,0.293083,1.44729,1285.74,0.295783,87.9264,18.3361,0.215021,1.07806,0.00834852,0.0126332,0.0167993,1.30768,0.0776456,0.0694881,0.0734971,0.690721,0.662168,0.490236,0.0551368,0.313247,0.138448,0.483088,57.8402
139,14186.1,22.4169,78.5271,0.293795,1.43891,1290.3,0.296604,88.1367,18.2254,0.215184,1.07444,0.00870094,0.0127667,0.0167717,1.31118,0.0787411,0.069808,0.0718387,0.695103,0.673003,0.49161,0.0548496,0.312885,0.138318,0.483639,58.3017
140,14185.3,22.4038,78.3647,0.294446,1.45257,1291.45,0.296319,88.0818,18.1567,0.210792,1.08085,0.00867135,0.0127596,0.0167684,1.28701,0.0764006,0.0729677,0.0700861,0.669431,0.671758,0.496327,0.0549568,0.313165,0.137901,0.48096,54.4551
141,14188.8,22.4239,78.4182,0.294691,1.45734,1289.55,0.297106,88.2545,18.2753,0.208912,1.08172,0.00863602,0.0129423,0.0171084,1.31077,0.0786302,0.0736861,0.0671414,0.676271,0.691967,0.496526,0.0552083,0.31274,0.138906,0.482675,54.3508
142,14186.1,22.4152,78.3465,0.293656,1.4488,1289.95,0.297701,88.6416,18.2867,0.209227,1.07591,0.00881987,0.0129695,0.016811,1.31578,0.0792822,0.072508,0.068956,0.678514,0.686795,0.485569,0.0551534,0.313175,0.138475,0.484731,56.3724
143,14189.8,22.4104,78.4112,0.293274,1.44165,1292.61,0.297279,88.3515,18.1784,0.213496,1.07983,0.00856758,0.013162,0.0169766,1.31032,0.0777227,0.0725128,0.0691348,0.676067,0.727235,0.489552,0.0554314,0.313625,0.138718,0.484156,56.449
144,14184.8,22.431,78.3267,0.293789,1.47607,1284.82,0.29645,88.7023,18.3701,0.208703,1.08998,0.00859753,0.0129784,0.0168493,1.33218,0.0781148,0.0726401,0.0665493,0.674785,0.697665,0.491252,0.0551611,0.314076,0.137907,0.483845,52.7517
145,14186.5,22.4647,78.4194,0.293902,1.42369,1284.47,0.296216,88.3705,17.9808,0.206241,1.0736,0.0085493,0.0129609,0.0169252,1.3297,0.0811986,0.0723136,0.0646018,0.683944,0.73482,0.491496,0.0551802,0.314318,0.138223,0.484143,57.1669
146,14184.2,22.4301,78.4132,0.293929,1.45659,1289.39,0.296309,88.1946,18.3589,0.210589,1.07681,0.008398,0.0130342,0.0162696,1.29973,0.0794872,0.0721605,0.062552,0.667876,0.668051,0.48921,0.0551198,0.312554,0.138299,0.485308,55.0683
147,14185.6,22.4238,78.349,0.292832,1.43152,1293.46,0.297964,88.2418,18.2744,0.209112,1.06532,0.00847999,0.0126045,0.0167853,1.28306,0.081694,0.0731422,0.0640955,0.669192,0.670425,0.498781,0.0552526,0.313261,0.138554,0.480265,57.3973
148,14184.8,22.4373,78.3069,0.293118,1.43841,1290.85,0.296302,87.9303,17.9755,0.21387,1.08048,0.00850365,0.0129838,0.0169002,1.32278,0.080937,0.0742369,0.0648608,0.668703,0.67812,0.50266,0.0547104,0.313038,0.13842,0.484775,58.4201
149,14187.3,22.4345,78.3724,0.293532,1.42678,1289.72,0.295147,87.4286,17.6294,0.21217,1.08657,0.00831585,0.0130927,0.0168754,1.30344,0.0795684,0.0737724,0.0651096,0.688588,0.711986,0.5015,0.0549901,0.313539,0.138106,0.481894,52.7807
150,14184.7,22.4165,78.5229,0.293261,1.41823,1289.86,0.296088,87.8765,17.9419,0.214655,1.07644,0.00824778,0.0131699,0.0168169,1.30052,0.0808572,0.0715124,0.0667584,0.665977,0.69367,0.506769,0.0549631,0.313598,0.13803,0.481745,55.1777
