ID,CLMPL,VMPL,KCOUT,IC50MC,KINL,KBE,IC50CL,IC50ML,KT,IC50MW
1,24.271,68.352,0.28664,3.5692,1060.1,0.43262,84.204,6.3786,0.18181,3.0603
2,24.65,84.645,0.3024,2.2254,1843.9,0.25761,96.559,48.27,0.61258,0.66564
3,25.806,78.392,0.28391,13.823,1866.8,0.28531,82.718,28.112,0.73222,1.1906
4,20.485,73.056,0.29173,0.30301,1514.3,0.34871,101.8,17.107,0.38626,0.86164
5,21.994,85.594,0.24799,1.1871,1053.2,0.32863,94.565,6.9788,0.15182,3.0334
6,23.577,65.435,0.30578,1.9451,1222.5,0.39804,62.422,15.192,0.25598,4.2602
7,22.715,100.08,0.24976,0.17709,1444.4,0.22411,89.24,15.008,0.17424,1.3507
8,21.271,74.088,0.3205,3.0438,1219.6,0.33074,77.739,51.11,0.044207,0.73622
9,23.573,67.093,0.35835,0.50041,1935.9,0.35647,66.611,40.19,0.088902,1.2116
10,21.819,87.053,0.34814,1.4568,1710.6,0.2486,85.827,84.122,0.059194,1.4298
11,21.65,96.693,0.3169,0.44445,1025.5,0.31985,81.949,11.132,0.71259,0.84621
12,19.861,83.124,0.26672,2.0434,1799.1,0.26707,105.08,7.3574,0.27955,0.77741
13,25.234,84.236,0.28667,5.355,1909.2,0.24916,105.82,10.197,0.27391,0.91459
14,21.467,74.583,0.28818,4.2834,1225.2,0.23152,97.378,23.013,0.47616,1.2833
15,24.844,67.272,0.29287,1.216,1213.5,0.40068,79.128,60.445,0.20492,0.79592
16,18.92,85.969,0.30896,1.0784,814.32,0.21483,109.28,16.647,0.1879,1.2732
17,24.419,75.186,0.35556,1.1091,1499.2,0.21234,105.92,20.583,0.21321,3.1518
18,24.397,74.113,0.31537,1.6008,1473.8,0.33698,71.958,27.103,0.31885,0.77515
19,24.174,79.208,0.31455,2.8935,927.31,0.368,75.729,6.2551,0.068201,0.34323
20,20.187,89.57,0.25217,0.22783,1379.7,0.1711,100,8.4933,0.20348,0.35
21,23.43,75.948,0.24429,8.8147,1131.3,0.23202,96.252,7.9597,0.25535,1.0752
22,21.95,75.655,0.28602,1.6003,1653.1,0.27248,108.4,8.472,0.11274,1.0342
23,18.71,79.307,0.23454,0.59893,1503.9,0.33083,81.634,57.315,0.32291,0.32938
24,20.788,68.741,0.32583,0.61221,1282.9,0.29169,72.446,15.667,0.17633,1.6974
25,22.493,79.897,0.28644,1.6739,1266.5,0.32705,113.38,18.08,0.21489,1.0868
26,22.527,78.683,0.29348,1.3604,990.9,0.36973,80.949,18.067,0.21381,0.98718
27,22.258,79.785,0.29053,1.3865,904.29,0.40826,73.203,18.066,0.20986,1.0904
28,22.358,78.397,0.30118,1.4885,943.88,0.349,86.149,18.097,0.24641,1.0967
29,22.187,80.166,0.2923,1.2795,1166.2,0.23218,101.24,17.509,0.21862,1.0799
30,22.602,77.492,0.29527,1.2675,951.48,0.38281,74.749,15.18,0.20487,1.1204
31,22.411,79.608,0.29304,1.2719,1479,0.27015,92.472,17.879,0.20865,1.0353
32,22.471,77.209,0.29512,1.483,1086,0.26496,90.139,18.544,0.24216,0.98946
