#PNAME,PMEAN,PCOV,PTYPE,PBLOCK,PTRANSF,PLOW,PHIGH,VARINI,VARBURN,VARNIT,VARIT,PBOUNDL,PBOUNDH
CLP,0.01,1,P,1,L,,,1,30,,,,
SIGMA1,0.9,1,P,2,O,0,1,1,30,0.01,40,,
SIGMA2,0.6,1,P,3,O,0,1,1,30,0.01,40,,
KSS,2,1,P,4,L,,,1,30,,,,
KSYN,0.2,1,P,5,L,,,1,30,,,,
SDIN,0.1,.,V,,,,,,,,,,
SDSL,0.2,.,V,,,,,,,,,,
COVARIATES,,,,,,,,,,,,,
RUN_SETTINGS,,,,,,,,,,,,,
NFILE,mab_mpbpk_tmdd,,,,,,,,,,,,
VERS,1,,,,,,,,,,,,
mdelete <NFILE>_*,,,,,,,,,,,,,
DATAFILE,../../data/mab_mpbpk_tmdd.csv,,,,,,,,,,,,
COVFILE,../../data/mab_mpbpk_tmdd_cov.csv,,,,,,,,,,,,
BEOFILE,beo.txt,,,,,,,,,,,,
NPOPITER,200,,,,,,,,,,,,
GEFFICIENCY,0.6,,,,,,,,,,,,
PMETHOD,4,,,,,,,,,,,,
NPOP,100,,,,,,,,,,,,
NPOPC,1000,,,,,,,,,,,,
NDELPAR,15,,,,,,,,,,,,
ATOL,8,,,,,,,,,,,,
RTOL,6,,,,,,,,,,,,
gamma_min,0.05,,,,,,,,,,,,
gamma_max,20,,,,,,,,,,,,
beosetup,,,,,,,,,,,,,
RUN_COMMANDS,,,,,,,,,,,,,
piteraten,,,,,,,,,,,,,
?finish.txt,,,,,,,,,,,,,
stop,,,,,,,,,,,,,
