ITER,OBJ,CL,V1,Tout12,Imax,BASE,IC50,HILL,CL~CL,V1~V1,Tout12~Tout12,Imax~Imax,BASE~BASE,IC50~IC50,HILL~HILL,SDin,SDsl,PDin,PDsl,ESS
1,4061.52,5.83346,61.982,9.17279,0.727586,10.7955,9.12103,1.04604,1,1,1,4,1,1,1,0.701851,0.587626,4.17888,0.271531,91.38
2,3614.03,4.69948,53.2659,8.11501,0.730872,15.1434,9.18437,1.1419,1,1,1,4,1,1,1,0.50363,0.346686,3.529,0.0329706,17.6778
3,3046.97,3.7074,45.2889,6.34561,0.822725,17.9868,7.37246,1.17504,1,1,1,4,1,1,1,0.283638,0.201609,2.07531,0.0150933,11.2909
4,2610.19,3.4195,40.8463,5.74269,0.849266,18.6181,5.95925,1.15713,1,1,1,4,1,1,1,0.181297,0.142535,1.50355,0.0208406,5.11395
5,2451.35,3.35325,39.4304,5.62267,0.891423,18.8182,5.4607,1.34261,1,1,1,4,1,1,1,0.110555,0.129207,1.34664,0.0225803,2.97089
6,2387.37,3.40101,39.1484,5.40635,0.911837,18.9053,6.12446,1.27469,1,1,1,4,1,1,1,0.0893709,0.118592,0.805907,0.0534583,2.48495
7,2359.59,3.39853,39.1415,5.35934,0.935102,19.3319,5.45974,1.2168,1,1,1,4,1,1,1,0.0562016,0.126732,0.759599,0.0539005,1.96923
8,2419.47,3.28408,39.3033,5.7707,0.948877,18.7079,6.65334,1.37267,1,1,1,4,1,1,1,0.0647938,0.136561,0.706389,0.0602291,2.26366
9,2362.98,3.34332,39.2729,5.55236,0.974235,19.0474,6.2497,1.49049,1,1,1,4,1,1,1,0.0441465,0.120401,0.989826,0.041963,2.34688
10,2394.75,3.41444,39.1699,6.06829,0.974272,19.0509,5.49457,1.37358,1,1,1,4,1,1,1,0.0372082,0.126357,0.714031,0.0638075,2.20347
11,2357.86,3.30339,38.6673,5.21419,0.980484,18.9843,5.77026,1.27692,1,1,1,4,1,1,1,0.0488926,0.122938,0.566965,0.0689394,2.25471
12,2352.58,3.39072,38.0652,5.36957,0.979177,19.1272,5.48003,1.18806,1,1,1,4,1,1,1,0.0605148,0.120568,0.614008,0.0602328,2.45786
13,2321.9,3.46413,39.1623,5.1518,0.975897,18.8533,6.10544,1.36859,1,1,1,4,1,1,1,0.058331,0.112145,0.774296,0.0524338,2.49419
14,2387.19,3.46387,38.3033,5.40252,0.979307,18.8972,5.05783,1.42066,1,1,1,4,1,1,1,0.0517571,0.130022,0.67405,0.0582796,3.26585
15,2330.89,3.33995,38.6974,4.72668,0.976557,19.1583,6.08206,1.32751,1,1,1,4,1,1,1,0.0605722,0.116617,0.726895,0.050486,4.7094
16,2366.08,3.40589,39.005,4.67559,0.964649,18.9492,6.19532,1.29486,1,1,1,4,1,1,1,0.0500241,0.118634,0.788352,0.0496673,4.26067
17,2357.69,3.35985,39.4762,5.02428,0.981619,19.2979,5.81434,1.32405,1,1,1,4,1,1,1,0.0419114,0.12168,0.977505,0.036599,4.4403
18,2281.77,3.3775,38.8568,4.98826,0.978714,18.9453,6.16465,1.1626,1,1,1,4,1,1,1,0.0468161,0.114004,0.625665,0.0501232,4.23153
19,2349.49,3.38453,39.0786,4.91924,0.987666,19.2985,6.89523,1.14715,1,1,1,4,1,1,1,0.0515041,0.117493,0.589764,0.0589742,5.4285
20,2321.87,3.348,39.1584,4.78546,0.986036,19.4986,6.24542,1.15825,1,1,1,4,1,1,1,0.0347781,0.121269,0.74029,0.0494657,5.76975
21,2308.56,3.36514,39.259,5.28377,0.983247,19.0338,6.45478,1.28563,1,1,1,4,1,1,1,0.0421781,0.117827,0.55484,0.058983,7.81039
22,2315.99,3.31922,39.6406,5.42975,0.982306,18.8853,6.33355,1.43225,1,1,1,4,1,1,1,0.0367569,0.128763,0.739622,0.043296,8.61675
23,2282.5,3.34418,39.6041,5.93872,0.983909,18.9412,6.30513,1.63204,1,1,1,4,1,1,1,0.030606,0.12062,0.640659,0.0506537,9.33232
24,2307.98,3.40079,38.7181,5.49071,0.987094,19.1554,6.02124,1.5606,1,1,1,4,1,1,1,0.0400015,0.115455,0.533238,0.0593465,9.76398
25,2249.66,3.3939,39.0056,5.41612,0.986427,19.0387,6.00845,1.40201,1,1,1,4,1,1,1,0.0460886,0.112725,0.607144,0.0488208,11.7629
26,2270.01,3.25985,39.4079,5.26253,0.987105,18.957,6.72794,1.55351,1,1,1,4,1,1,1,0.0377144,0.122205,0.562793,0.0490323,11.5226
27,2297.99,3.34765,39.3277,5.5807,0.988199,19.0656,6.20884,1.37245,1,1,1,4,1,1,1,0.0356396,0.122466,0.565248,0.05267,11.0619
28,2234.34,3.32525,39.4117,5.84935,0.982827,19.0588,5.8136,1.55561,1,1,1,4,1,1,1,0.0296764,0.123926,0.510032,0.0501356,12.6468
29,2241.2,3.37372,39.757,5.86298,0.976267,19.1484,5.09055,1.6333,1,1,1,4,1,1,1,0.0286154,0.122427,0.591728,0.0447219,10.6657
30,2250.21,3.44786,39.5705,5.78119,0.979069,19.0475,5.17895,1.64225,0.13509,0.051123,0.385253,4.65747,0.0718246,0.373212,0.97525,0.0395107,0.121609,0.407825,0.0546642,12.5107
31,2052.93,3.44522,39.2325,5.504,0.973345,19.1571,4.7915,1.44479,0.120808,0.0450994,0.267144,4.888,0.0705112,0.301243,0.9505,0.042318,0.116254,0.382946,0.0565,9.9406
32,2048.81,3.41493,39.5481,5.22002,0.966182,19.063,4.44035,1.42936,0.116996,0.0411159,0.21168,4.78705,0.0666787,0.323388,0.92575,0.0357257,0.120365,0.397922,0.0556338,12.3019
33,2069.97,3.40646,39.3062,5.25639,0.952035,19.1903,4.3054,1.52277,0.118902,0.0386292,0.184064,4.15547,0.0670606,0.286644,0.901,0.0364267,0.121341,0.426504,0.0554224,16.0661
34,2041.53,3.40186,39.7064,5.43544,0.947968,19.169,4.36278,1.4641,0.114351,0.0369902,0.155655,3.78977,0.0737693,0.2528,0.87625,0.026173,0.12217,0.478394,0.0510861,20.8431
35,2018.08,3.45763,39.1026,5.77509,0.95571,19.101,4.38077,1.49878,0.113219,0.0375161,0.1199,3.71348,0.068902,0.278883,0.8515,0.0281738,0.115583,0.376787,0.0564172,21.3857
36,2011.27,3.43051,39.4861,5.74861,0.957639,19.3983,4.08679,1.60741,0.113159,0.0392404,0.1011,4.34865,0.073838,0.2387,0.82675,0.0252024,0.120425,0.400837,0.0533288,23.2447
37,2031.96,3.42304,38.9803,5.82218,0.960104,19.2694,4.10873,1.78382,0.107169,0.046978,0.0758598,4.34786,0.0749801,0.194153,0.802,0.0259723,0.120224,0.541907,0.0447305,23.8431
38,2004.95,3.4377,38.7173,5.95744,0.963784,19.233,4.10514,1.6163,0.104374,0.0433793,0.0686965,3.59627,0.0691778,0.173258,0.77725,0.0300612,0.113998,0.470561,0.0507518,24.0998
39,1985.28,3.41867,38.8039,5.96337,0.961868,19.2712,4.08101,1.64916,0.11349,0.0429871,0.0628421,3.62555,0.0735285,0.136675,0.7525,0.0270277,0.114875,0.394572,0.0522986,25.7818
40,2003.15,3.44916,38.7825,5.9416,0.967635,19.203,4.18057,1.61892,0.109006,0.0442812,0.0633902,3.53668,0.0720915,0.140435,0.72775,0.0330635,0.113536,0.398507,0.0526201,27.3285
41,1983.11,3.45214,38.7819,5.97232,0.970286,19.2575,4.22117,1.63605,0.10703,0.044785,0.0655246,3.29155,0.0705478,0.162803,0.703,0.0327855,0.113946,0.459517,0.04665,32.6982
42,1982.87,3.41601,38.8029,5.91695,0.96308,19.224,4.20658,1.6039,0.113516,0.0387737,0.0661966,2.94959,0.0702156,0.1427,0.67825,0.0300236,0.116999,0.358648,0.0516703,31.9152
43,1971.61,3.42516,39.3499,5.74855,0.958909,19.2313,4.34684,1.56573,0.112073,0.0457277,0.0604015,2.55034,0.0703323,0.136777,0.6535,0.0320043,0.109798,0.40145,0.0502796,30.4974
44,1967.17,3.44718,39.3981,5.80522,0.956687,19.1004,4.35923,1.56422,0.111307,0.0397209,0.0477895,2.32165,0.0701138,0.164878,0.62875,0.0277273,0.11341,0.352535,0.0529565,29.2776
45,1979.41,3.45798,39.166,5.85756,0.947131,19.1444,4.1494,1.528,0.110214,0.0413312,0.0413167,2.34498,0.0690163,0.165885,0.604,0.0249982,0.115815,0.443874,0.0478741,32.7911
46,1977.03,3.437,38.9288,5.84098,0.945092,19.2453,4.09254,1.44575,0.110739,0.0509645,0.0372004,2.06955,0.0716393,0.16823,0.57925,0.033013,0.110122,0.443701,0.0470561,35.2548
47,1962.43,3.44071,39.1569,5.86007,0.938747,19.2084,3.99142,1.58984,0.108719,0.0464444,0.0377503,2.18863,0.0685512,0.171218,0.5545,0.0293834,0.113664,0.385391,0.0494376,34.3512
48,1978.83,3.42981,38.9565,5.71575,0.935221,19.2687,3.94779,1.52122,0.111787,0.045883,0.0413307,2.20286,0.0701304,0.18371,0.52975,0.0302101,0.10982,0.379771,0.0520742,34.0575
49,1956.93,3.4339,38.756,5.62261,0.920148,19.1248,3.90671,1.55548,0.110171,0.0425901,0.0363935,2.29964,0.0661027,0.169574,0.505,0.0285041,0.113476,0.312782,0.0542244,38.0563
50,1969.06,3.41358,38.939,5.57645,0.914687,19.2735,3.77088,1.5378,0.114735,0.0408307,0.0342622,2.08908,0.0703758,0.179163,0.48025,0.0294452,0.107689,0.354752,0.0537561,36.4101
51,1955.01,3.45381,39.2892,5.63893,0.912761,19.2103,3.77366,1.54988,0.11074,0.0442955,0.031616,2.04184,0.0688075,0.189805,0.4555,0.0305382,0.108184,0.375132,0.0502532,40.5039
52,1951.85,3.43794,39.2052,5.67484,0.917259,19.2083,3.83474,1.5218,0.114244,0.0417724,0.039943,1.99075,0.0697419,0.157489,0.43075,0.0326442,0.108223,0.363683,0.0497232,40.5963
53,1932.87,3.44311,39.0091,5.67828,0.918208,19.3262,3.82033,1.47687,0.112299,0.0438189,0.0362888,1.63534,0.0718967,0.162324,0.406,0.0325948,0.106597,0.345712,0.0501344,45.3613
54,1948.62,3.4495,39.1005,5.68019,0.917003,19.2268,3.84925,1.47823,0.112126,0.0435877,0.0344472,1.71952,0.0697334,0.172715,0.38125,0.0324859,0.108733,0.351617,0.0506278,43.0631
55,1951.61,3.42821,39.0777,5.71971,0.910953,19.2665,3.75049,1.52784,0.113124,0.0409673,0.0310217,1.83893,0.0708555,0.176592,0.3565,0.0328235,0.108527,0.363118,0.050843,51.4171
56,1947.56,3.44453,38.848,5.6309,0.913305,19.2868,3.77483,1.49413,0.110151,0.0441023,0.0359478,1.80513,0.0705206,0.168765,0.33175,0.0351781,0.108286,0.331756,0.0507263,49.7849
57,1938.67,3.43259,39.0342,5.57288,0.906821,19.149,3.77382,1.51926,0.112593,0.0432078,0.0382297,1.80131,0.0683568,0.154467,0.307,0.0333474,0.107231,0.336156,0.050643,57.4751
58,1931.99,3.42684,38.9918,5.66514,0.910228,19.244,3.78369,1.52268,0.113247,0.0403787,0.0408825,1.70335,0.0709313,0.141574,0.28225,0.0308075,0.108757,0.355491,0.0491353,55.9675
59,1928.41,3.44354,39.0783,5.52101,0.905806,19.2604,3.79515,1.47156,0.109408,0.0413111,0.0485128,1.69771,0.0720789,0.127289,0.2575,0.0308642,0.10796,0.348421,0.0490715,55.6578
60,1933.4,3.4235,39.196,5.49718,0.898228,19.2007,3.814,1.48893,0.115585,0.0413227,0.0455276,1.59783,0.0699123,0.115404,0.23275,0.0302932,0.10968,0.299496,0.0529667,55.243
61,1926.78,3.44272,39.129,5.53288,0.898754,19.2283,3.81237,1.49612,0.110424,0.0426595,0.0410064,1.5487,0.0705151,0.120169,0.208,0.0326806,0.107125,0.342483,0.049933,59.9877
62,1934.38,3.42459,39.2487,5.53374,0.893954,19.2354,3.82111,1.50064,0.114612,0.0430117,0.0403125,1.47285,0.0716946,0.123526,0.18325,0.0318105,0.109375,0.365497,0.0488413,63.558
63,1919.88,3.41784,39.0366,5.54054,0.888173,19.2445,3.80138,1.51473,0.113078,0.042156,0.0370908,1.38658,0.0698538,0.119836,0.1585,0.0322079,0.107301,0.351339,0.0494981,63.3063
64,1914.42,3.41693,38.9445,5.55972,0.888336,19.2015,3.782,1.50715,0.114021,0.043259,0.0342587,1.35483,0.0700659,0.120733,0.13375,0.03114,0.105849,0.339043,0.0498011,57.7171
65,1927.21,3.41667,39.1554,5.52468,0.882906,19.2287,3.78993,1.48629,0.114242,0.0425596,0.0352354,1.28859,0.0714081,0.114491,0.109,0.0318105,0.106396,0.382812,0.0477224,64.3966
66,1913.8,3.42857,39.2418,5.53145,0.885867,19.2512,3.7953,1.45218,0.112923,0.0427507,0.0352619,1.19563,0.0701884,0.112563,0.08425,0.0321049,0.106748,0.317884,0.050788,62.7811
67,1917.48,3.41362,39.1289,5.52173,0.884973,19.2569,3.78971,1.47745,0.115176,0.0428982,0.0371212,1.18906,0.0718405,0.103441,0.0595,0.029479,0.107835,0.318457,0.0508415,63.616
68,1910.93,3.42723,39.2062,5.49063,0.885938,19.2448,3.76156,1.47152,0.112315,0.0423814,0.0394599,1.19296,0.0720841,0.123703,0.03475,0.0291502,0.107994,0.322569,0.0505923,56.3337
69,1913.67,3.43946,39.1397,5.5175,0.884118,19.2566,3.70487,1.45711,0.109819,0.0430724,0.0412415,1.18952,0.0700868,0.13493,0.01,0.0305217,0.107924,0.323008,0.0505464,60.4945
70,1906.5,3.43004,39.1345,5.54526,0.878833,19.2067,3.71504,1.45657,0.111864,0.0431378,0.0419203,1.16873,0.0707835,0.137197,0.01,0.0338157,0.105933,0.357488,0.0482879,46.1143
71,1911.01,3.42909,39.0839,5.54041,0.874888,19.2244,3.68611,1.45515,0.111423,0.0436325,0.0431194,1.13439,0.0713604,0.133467,0.01,0.0321349,0.106214,0.343695,0.0492603,71.4697
72,1906.72,3.42798,39.0761,5.54516,0.87425,19.2387,3.67348,1.45468,0.111878,0.0437049,0.04223,1.10274,0.0711289,0.131582,0.01,0.0342728,0.105751,0.326436,0.0499161,71.0039
73,1907.95,3.43443,39.0229,5.52775,0.868941,19.2053,3.65211,1.45763,0.111797,0.0423957,0.0399523,1.03924,0.0707495,0.141146,0.01,0.0326043,0.105914,0.338331,0.0495112,71.5116
74,1906.6,3.42492,39.0816,5.51754,0.868658,19.2227,3.64825,1.45502,0.11317,0.0425979,0.0424437,1.00108,0.0700251,0.135852,0.01,0.0319665,0.106384,0.316321,0.0501744,76.6349
75,1908.27,3.42207,39.0442,5.53347,0.86735,19.2214,3.6392,1.45199,0.112747,0.0422522,0.0427639,0.975765,0.0700173,0.130772,0.01,0.0316336,0.10659,0.318624,0.0503955,73.6932
76,1908.28,3.42609,39.1382,5.51836,0.868411,19.2455,3.64925,1.45232,0.112943,0.0430836,0.0440702,0.973673,0.0715276,0.135633,0.01,0.031341,0.106644,0.340958,0.0493874,76.8007
77,1907.97,3.43153,39.1449,5.49001,0.865291,19.242,3.62591,1.45415,0.11312,0.0429898,0.0446008,0.975002,0.0709878,0.134447,0.01,0.0332667,0.10661,0.338867,0.0493178,79.6004
78,1905.49,3.42626,39.1916,5.47929,0.863769,19.2461,3.62357,1.45074,0.111489,0.0433313,0.046884,0.966309,0.0707111,0.131281,0.01,0.0320974,0.106284,0.342527,0.0488234,77.4805
79,1910.09,3.42691,39.1498,5.47548,0.863404,19.2288,3.63285,1.45643,0.111917,0.0434785,0.0467565,0.962037,0.0715254,0.136549,0.01,0.0338181,0.105876,0.317116,0.0505761,76.417
80,1907.36,3.41954,39.0858,5.46834,0.862568,19.2469,3.62464,1.46158,0.112098,0.0432306,0.0477139,0.952827,0.0714685,0.139968,0.01,0.0345221,0.105961,0.333914,0.0493894,77.6325
81,1905.35,3.41949,39.1614,5.47199,0.862698,19.2524,3.6163,1.46772,0.112578,0.0432693,0.0483043,0.960267,0.0711635,0.143847,0.01,0.0326721,0.106096,0.319356,0.0501321,78.8877
82,1907,3.42144,39.1636,5.44403,0.860697,19.2564,3.61687,1.47332,0.112399,0.0434978,0.0478523,0.911604,0.0711226,0.137766,0.01,0.0343929,0.105676,0.338554,0.0487118,74.6502
83,1905.79,3.42469,39.138,5.48821,0.861246,19.2519,3.61995,1.47303,0.113136,0.04299,0.0464787,0.892196,0.0711649,0.137157,0.01,0.034525,0.105997,0.327613,0.049498,77.5803
84,1905.69,3.42149,39.1531,5.48261,0.862858,19.2603,3.62661,1.47439,0.112474,0.0430691,0.0475665,0.897566,0.071095,0.134996,0.01,0.0321546,0.106647,0.32273,0.050248,83.5173
85,1905.71,3.42678,39.0931,5.51236,0.863144,19.2371,3.63894,1.47563,0.111926,0.0431723,0.0480877,0.862078,0.0709706,0.13629,0.01,0.0317396,0.106439,0.310454,0.0507901,82.4904
86,1904.83,3.42723,39.1334,5.48735,0.861041,19.247,3.60865,1.47863,0.112223,0.0426839,0.0484397,0.8381,0.0713096,0.134319,0.01,0.0303298,0.10696,0.301756,0.0508343,78.6907
87,1906.31,3.42097,39.1674,5.51479,0.862117,19.2375,3.65331,1.48049,0.112224,0.0426555,0.0488254,0.797477,0.0713414,0.128888,0.01,0.0299499,0.107466,0.308423,0.0509435,81.7406
88,1909.03,3.42316,39.067,5.51975,0.863043,19.2605,3.64881,1.47962,0.112004,0.0430494,0.0503519,0.803958,0.0713972,0.131482,0.01,0.0332502,0.10639,0.326295,0.0495104,80.4734
89,1907.36,3.42182,39.1155,5.53611,0.862404,19.2373,3.65348,1.48256,0.113433,0.044583,0.0511694,0.780706,0.070973,0.128568,0.01,0.0339602,0.106183,0.325683,0.0498362,79.2785
90,1905.3,3.42748,39.099,5.54384,0.862957,19.2281,3.65258,1.48833,0.112482,0.0431741,0.0531568,0.800407,0.0713912,0.128752,0.01,0.0337411,0.106223,0.315682,0.0505498,81.0411
91,1905.11,3.42477,39.1448,5.51298,0.860329,19.2456,3.63344,1.48629,0.112588,0.0430266,0.0507464,0.77903,0.071238,0.126937,0.01,0.0332446,0.106448,0.323669,0.0498697,83.0388
92,1905.21,3.42363,39.1375,5.50382,0.858741,19.2261,3.65418,1.48743,0.112325,0.0433654,0.0497707,0.786176,0.0709915,0.124321,0.01,0.0341154,0.105807,0.318372,0.0497058,83.1668
93,1906.25,3.42665,39.1749,5.50835,0.858965,19.2371,3.63297,1.48542,0.112142,0.0426167,0.0512542,0.825403,0.0718597,0.127004,0.01,0.0336323,0.106004,0.321479,0.0501222,82.8045
94,1905.57,3.4251,39.0752,5.51544,0.860383,19.2268,3.64222,1.48523,0.111704,0.0424007,0.0511376,0.79447,0.0711506,0.127866,0.01,0.0336692,0.105657,0.308342,0.05098,81.9789
95,1906.97,3.42602,39.1199,5.48598,0.859159,19.2445,3.64112,1.48263,0.112518,0.0428308,0.0514164,0.784605,0.0716376,0.128998,0.01,0.0334415,0.10575,0.330753,0.0494624,79.5468
96,1904.53,3.42919,39.1264,5.46858,0.857036,19.2468,3.63646,1.47905,0.111432,0.042596,0.0506047,0.795778,0.0708644,0.12616,0.01,0.0318249,0.106321,0.309877,0.0508317,81.5821
97,1906.46,3.42413,39.1058,5.47606,0.855462,19.2425,3.61952,1.48098,0.113069,0.0431311,0.0507975,0.767408,0.0711518,0.127368,0.01,0.0294989,0.107722,0.330227,0.0490837,83.4715
98,1905.16,3.41931,39.1416,5.47306,0.853663,19.2659,3.59405,1.48577,0.113439,0.0427998,0.0492619,0.746918,0.0713978,0.128099,0.01,0.029245,0.107623,0.343249,0.0485528,82.5188
99,1906.23,3.42433,39.146,5.47231,0.851171,19.2394,3.60236,1.49036,0.11274,0.0429945,0.0491869,0.727764,0.0712312,0.132623,0.01,0.0309232,0.107141,0.331517,0.0490278,81.6415
100,1907.53,3.41965,39.1117,5.49234,0.850282,19.2346,3.59494,1.49054,0.111931,0.0427638,0.048962,0.7219,0.0714521,0.134996,0.01,0.0297774,0.107463,0.330497,0.0492968,79.1256
101,1903.48,3.43101,39.1785,5.48305,0.849795,19.237,3.55118,1.49428,0.112323,0.0429253,0.0493067,0.724269,0.0714985,0.131741,0.01,0.0295732,0.107353,0.313522,0.0505178,83.1982
102,1907.32,3.4233,39.1422,5.48738,0.848596,19.2277,3.56952,1.49567,0.111196,0.042637,0.0505861,0.749006,0.0719199,0.132889,0.01,0.0298765,0.10672,0.312255,0.0503697,81.3975
103,1904,3.42552,39.1136,5.50092,0.848253,19.2467,3.58028,1.49842,0.113824,0.0421873,0.0496297,0.7033,0.0706996,0.1273,0.01,0.029386,0.107389,0.320909,0.0499663,82.719
104,1906.91,3.42679,39.0948,5.50734,0.84618,19.2334,3.5586,1.50028,0.111718,0.0431258,0.0494874,0.687045,0.0713289,0.1277,0.01,0.0296832,0.107246,0.314057,0.0502896,83.7008
105,1907.23,3.4234,39.145,5.51033,0.843466,19.2431,3.5386,1.49732,0.112336,0.0426028,0.0498818,0.675729,0.0712963,0.125351,0.01,0.0305431,0.106924,0.333533,0.0493275,79.048
106,1908.2,3.4301,39.1254,5.49509,0.840047,19.2495,3.52233,1.50151,0.11103,0.0433888,0.0500054,0.6476,0.0716536,0.120784,0.01,0.0310008,0.106779,0.317612,0.0503073,82.4944
107,1905.23,3.42375,39.1338,5.46986,0.837449,19.2323,3.50713,1.49969,0.112043,0.0428078,0.0491345,0.652468,0.0711575,0.120284,0.01,0.0323747,0.105803,0.32216,0.0496054,77.3862
108,1906.79,3.42396,39.099,5.48119,0.837867,19.2238,3.52641,1.49788,0.113537,0.0425222,0.0499069,0.644364,0.0708086,0.117715,0.01,0.0312146,0.106171,0.326072,0.0499239,85.5055
109,1906.73,3.42033,39.1572,5.49657,0.838392,19.2389,3.52314,1.49807,0.112454,0.0435772,0.0516725,0.655185,0.070906,0.118001,0.01,0.0317331,0.106436,0.318548,0.0501451,82.2179
110,1908.3,3.42859,39.1879,5.48751,0.839642,19.2463,3.51769,1.50298,0.113015,0.0425999,0.0529003,0.650478,0.071026,0.119251,0.01,0.0322201,0.106644,0.304622,0.0511932,81.2793
111,1906.11,3.4244,39.1381,5.47024,0.837126,19.2254,3.51641,1.50799,0.11281,0.0423838,0.0532047,0.624858,0.0707488,0.113983,0.01,0.031316,0.107119,0.298114,0.0511604,79.66
112,1905.31,3.43342,39.088,5.49189,0.836536,19.2238,3.51998,1.51392,0.111796,0.0419393,0.0515668,0.618789,0.071078,0.113503,0.01,0.0314217,0.106608,0.306684,0.0509368,79.5245
113,1906.28,3.42337,39.1025,5.48946,0.832859,19.2313,3.49461,1.51667,0.113162,0.0424414,0.0509645,0.604088,0.0708633,0.115167,0.01,0.0302366,0.106311,0.31913,0.0504678,85.8271
114,1903.1,3.42415,39.1191,5.4436,0.83062,19.2269,3.48696,1.51716,0.11291,0.04323,0.0525155,0.593939,0.0708858,0.113947,0.01,0.0310806,0.105874,0.308034,0.0507844,82.6822
115,1906.32,3.42167,39.0515,5.4747,0.83062,19.2252,3.50477,1.51996,0.112132,0.042808,0.0510889,0.578465,0.0710272,0.115201,0.01,0.0330972,0.106281,0.330806,0.0495552,87.2836
116,1905.19,3.42413,39.0935,5.50702,0.832703,19.2203,3.50843,1.52379,0.112501,0.0431039,0.0551918,0.560001,0.0709478,0.111614,0.01,0.0335926,0.105702,0.305977,0.0513435,80.0853
117,1905.39,3.42036,39.1291,5.49342,0.830371,19.2326,3.47848,1.52624,0.114391,0.043281,0.056466,0.546628,0.0705385,0.115818,0.01,0.0320222,0.10679,0.30033,0.0515099,84.9772
118,1906.16,3.41944,39.1201,5.47087,0.82815,19.2515,3.45108,1.52968,0.111547,0.0432058,0.0563129,0.566068,0.0715277,0.119316,0.01,0.030992,0.106608,0.304712,0.0509553,80.1251
119,1907.23,3.41694,39.111,5.49754,0.829244,19.2288,3.47526,1.53342,0.113547,0.0429467,0.0555148,0.55138,0.0712518,0.115583,0.01,0.0318403,0.107551,0.316064,0.0503423,82.4728
120,1904.7,3.42792,39.1746,5.46368,0.826698,19.2414,3.45348,1.54007,0.111816,0.0426849,0.0549438,0.542588,0.0711056,0.115883,0.01,0.0299854,0.107557,0.318686,0.049848,80.9151
121,1905.39,3.4282,39.0895,5.51356,0.830836,19.2238,3.50436,1.54617,0.111655,0.0432347,0.0572618,0.532239,0.0713632,0.112918,0.01,0.0299137,0.107281,0.304398,0.0514822,82.026
122,1904.96,3.42225,39.133,5.50963,0.829981,19.2147,3.49952,1.54823,0.111815,0.0438046,0.0571184,0.506956,0.0710227,0.109849,0.01,0.0308127,0.106449,0.308767,0.0510278,82.9131
123,1906.76,3.4266,39.1293,5.53186,0.82988,19.2226,3.48947,1.54622,0.112482,0.0421952,0.0578995,0.498727,0.0716144,0.114813,0.01,0.031302,0.106741,0.305072,0.0511275,82.3903
124,1906.15,3.43056,39.1327,5.5389,0.831345,19.2084,3.50056,1.54445,0.111597,0.0426789,0.0620068,0.482649,0.0711051,0.114595,0.01,0.0329959,0.107136,0.299479,0.0514217,77.7327
125,1902.86,3.42822,39.1679,5.52271,0.828839,19.2226,3.4874,1.54798,0.11232,0.0425223,0.0627447,0.47361,0.0711714,0.11709,0.01,0.0302581,0.107684,0.309501,0.050692,83.0948
126,1907.01,3.42406,39.1196,5.52633,0.828089,19.2387,3.47688,1.54666,0.111462,0.0433495,0.060474,0.451045,0.0710602,0.119814,0.01,0.0316311,0.107458,0.299921,0.0511414,78.8831
127,1905.54,3.43411,39.1247,5.56956,0.828408,19.2127,3.47559,1.54708,0.110492,0.0431786,0.0622833,0.451832,0.0710973,0.119711,0.01,0.0316767,0.107643,0.290024,0.0515733,81.7186
128,1905.65,3.42877,39.121,5.56137,0.827299,19.2441,3.45166,1.5465,0.111405,0.0430358,0.0628264,0.440043,0.0709062,0.115083,0.01,0.0318935,0.106488,0.315178,0.0500607,83.7245
129,1906.07,3.42346,39.1183,5.54704,0.824919,19.225,3.4543,1.55168,0.11105,0.0429749,0.0645889,0.426794,0.0707109,0.112204,0.01,0.0329346,0.106365,0.298655,0.0513162,81.7235
130,1905.21,3.42635,39.1712,5.55191,0.82369,19.235,3.45043,1.55262,0.111807,0.0427287,0.0641013,0.409933,0.0706998,0.116394,0.01,0.033436,0.106262,0.294099,0.0519266,85.3483
131,1905.25,3.42689,39.1451,5.53706,0.823664,19.2348,3.4572,1.55492,0.11181,0.0429707,0.0643334,0.395836,0.0702724,0.11906,0.01,0.0335068,0.106128,0.281423,0.0523164,82.2555
132,1905.31,3.42334,39.0826,5.5604,0.823341,19.2118,3.47349,1.55806,0.111727,0.0433036,0.0649086,0.383343,0.0708007,0.121115,0.01,0.0319721,0.106811,0.302184,0.0509625,84.5912
133,1903.67,3.425,39.1371,5.5422,0.820499,19.2108,3.46602,1.55955,0.111782,0.0428233,0.0626125,0.363616,0.0710932,0.120805,0.01,0.0310011,0.10686,0.294706,0.0516028,85.0738
134,1905.16,3.41989,39.123,5.48738,0.817316,19.2228,3.45672,1.5552,0.111483,0.0429939,0.0625279,0.357936,0.0706415,0.118166,0.01,0.0312565,0.106503,0.29883,0.0515857,80.764
135,1905.71,3.42104,39.1008,5.46466,0.817537,19.2396,3.45128,1.55454,0.111884,0.0432645,0.0615066,0.359774,0.0711929,0.121812,0.01,0.033308,0.10562,0.288584,0.0516906,84.6412
136,1905.14,3.42747,39.1353,5.48976,0.81751,19.23,3.4653,1.55015,0.112563,0.0430654,0.0620709,0.351551,0.0710832,0.122479,0.01,0.0338358,0.105893,0.277844,0.0524881,80.0176
137,1905.36,3.4257,39.1746,5.48071,0.815451,19.2361,3.44143,1.55767,0.11149,0.0426683,0.0610674,0.343465,0.0712381,0.1247,0.01,0.031752,0.10724,0.269933,0.0528209,81.6487
138,1903.86,3.41738,39.1611,5.51171,0.816144,19.2172,3.46114,1.55935,0.111809,0.0422118,0.0611196,0.328464,0.0711384,0.122342,0.01,0.0300086,0.106755,0.299738,0.0513525,86.5537
139,1906.29,3.41903,39.1432,5.50742,0.815179,19.2172,3.45854,1.56493,0.112761,0.0429387,0.06227,0.319286,0.0710015,0.122881,0.01,0.0328726,0.106768,0.300058,0.05121,84.1179
140,1906.18,3.42494,39.1479,5.51714,0.814401,19.2272,3.4478,1.56619,0.111503,0.0423403,0.0622403,0.306589,0.070677,0.120156,0.01,0.0319514,0.106278,0.280125,0.0523582,81.4351
141,1904.53,3.42497,39.1445,5.53245,0.815232,19.2333,3.45035,1.56972,0.112158,0.0426669,0.0611448,0.299052,0.0701143,0.120176,0.01,0.0323271,0.106277,0.283229,0.0518994,83.3226
142,1905.21,3.42135,39.0983,5.54135,0.814022,19.2032,3.46248,1.56777,0.113143,0.0436566,0.0617382,0.287457,0.0707483,0.123371,0.01,0.0333817,0.106396,0.280912,0.0522032,86.0333
143,1903.48,3.4215,39.1013,5.54903,0.814616,19.2029,3.46116,1.56668,0.113919,0.0426899,0.0636379,0.281122,0.0708066,0.120886,0.01,0.0330491,0.107112,0.29058,0.0515549,82.6138
144,1905.89,3.41675,39.1281,5.54888,0.814625,19.2319,3.44874,1.57323,0.113439,0.0427083,0.0658261,0.272992,0.0710598,0.124755,0.01,0.031015,0.106874,0.28777,0.0514961,84.8149
145,1905.67,3.41944,39.1432,5.54691,0.813918,19.2336,3.44642,1.57137,0.111792,0.0433399,0.0673099,0.264896,0.070722,0.125925,0.01,0.0339552,0.106031,0.29968,0.0510496,82.034
146,1903.29,3.41875,39.2082,5.5593,0.814336,19.2353,3.44994,1.56972,0.112522,0.0427974,0.0664149,0.258857,0.0701813,0.123068,0.01,0.0334861,0.106134,0.285016,0.0518827,83.8025
147,1904.17,3.42524,39.1261,5.56035,0.812728,19.2407,3.43852,1.57297,0.111287,0.0431077,0.0639793,0.247024,0.0709516,0.123501,0.01,0.0300052,0.107712,0.299556,0.0508512,83.07
148,1903.64,3.42818,39.1055,5.57344,0.813467,19.2114,3.44419,1.57099,0.112824,0.0426917,0.0649744,0.241305,0.070881,0.122748,0.01,0.0303303,0.10716,0.276099,0.0524704,85.6337
149,1904.28,3.4269,39.1435,5.58863,0.814449,19.215,3.44144,1.56742,0.11189,0.0428129,0.0631972,0.242383,0.0707196,0.121945,0.01,0.0333129,0.106533,0.284915,0.051945,88.4747
150,1904.94,3.42514,39.0994,5.55812,0.812063,19.2248,3.43141,1.56891,0.111252,0.042867,0.0626853,0.239388,0.0701966,0.120521,0.01,0.0323313,0.10748,0.28195,0.0516414,85.7926
151,1905.27,3.42761,39.0541,5.53182,0.811197,19.2261,3.43999,1.5739,0.112027,0.0430376,0.0627558,0.235876,0.070433,0.114141,0.01,0.032506,0.106461,0.277515,0.0524615,84.1187
152,1902.51,3.42419,39.1824,5.54552,0.811651,19.2303,3.44546,1.57204,0.112611,0.0423428,0.0638244,0.228937,0.0707407,0.115365,0.01,0.0312325,0.10626,0.28192,0.0520732,86.2814
153,1903.7,3.42373,39.0947,5.56952,0.812544,19.2295,3.45146,1.5704,0.111517,0.0424187,0.0641446,0.21911,0.0704867,0.115059,0.01,0.0322057,0.105782,0.306794,0.0503207,85.6966
154,1905.35,3.42909,39.1106,5.57011,0.812536,19.2331,3.44063,1.56893,0.111569,0.0432234,0.0651392,0.217806,0.0706704,0.115513,0.01,0.0341028,0.105363,0.312793,0.0502385,87.1241
155,1904.33,3.42438,39.0508,5.51763,0.810224,19.232,3.43298,1.57019,0.112804,0.0433287,0.0668197,0.21608,0.0702066,0.113353,0.01,0.0321829,0.106697,0.283143,0.0522743,85.4533
156,1905.3,3.42187,39.1252,5.56223,0.811816,19.217,3.45028,1.56984,0.112217,0.0433536,0.0667024,0.216975,0.0713161,0.118472,0.01,0.0324234,0.10685,0.295017,0.0516251,87.4182
157,1906.35,3.42184,39.1882,5.55101,0.809386,19.2284,3.43501,1.57069,0.113708,0.0433648,0.0653452,0.209472,0.0705944,0.119464,0.01,0.0317473,0.106676,0.293504,0.0515435,84.8036
158,1904.72,3.41857,39.0287,5.56478,0.810033,19.2128,3.44259,1.57164,0.11237,0.0426466,0.0672491,0.208282,0.0703836,0.115948,0.01,0.0330196,0.106274,0.292086,0.0514219,83.1626
159,1905.14,3.42893,39.0427,5.55269,0.809009,19.2323,3.4191,1.56738,0.111241,0.0431062,0.0670036,0.205083,0.0711045,0.117235,0.01,0.0330019,0.105924,0.263466,0.0526169,82.9594
160,1903.13,3.4274,39.113,5.51028,0.806995,19.2334,3.40492,1.57412,0.110784,0.043048,0.0683942,0.207827,0.0706494,0.116566,0.01,0.0327642,0.105853,0.257423,0.0532218,85.5822
161,1904.97,3.42771,39.0335,5.50402,0.806142,19.22,3.42211,1.57573,0.111246,0.0433775,0.0686513,0.204713,0.0707167,0.11705,0.01,0.0324119,0.105684,0.263579,0.0531599,88.113
162,1905.1,3.4236,39.1239,5.49233,0.805019,19.2252,3.41603,1.57428,0.112901,0.0437083,0.0689753,0.206638,0.0705085,0.119305,0.01,0.0326906,0.106008,0.260841,0.053187,85.6865
163,1903.81,3.41538,39.1292,5.49082,0.804963,19.2277,3.42332,1.57679,0.113232,0.0430653,0.067821,0.203013,0.0707508,0.118415,0.01,0.0322204,0.106647,0.276392,0.0524666,88.017
164,1905.19,3.42102,39.0875,5.52767,0.806394,19.1961,3.44779,1.58025,0.111406,0.0438166,0.0655803,0.199792,0.070742,0.119922,0.01,0.0327652,0.107157,0.27669,0.0525571,86.9994
165,1904.29,3.42368,39.1611,5.52836,0.806058,19.2051,3.45688,1.58115,0.112198,0.043223,0.0648783,0.190512,0.0711178,0.119437,0.01,0.0334974,0.106306,0.269353,0.0526572,87.349
166,1903.57,3.42165,39.1425,5.55132,0.806993,19.202,3.45244,1.58221,0.111876,0.042762,0.0632815,0.188611,0.070493,0.117948,0.01,0.0318442,0.107049,0.2916,0.0513156,84.6251
167,1904.85,3.41896,39.1492,5.52711,0.805625,19.2234,3.44327,1.58051,0.113665,0.0434335,0.0658885,0.186685,0.0705782,0.119404,0.01,0.0327119,0.106025,0.282723,0.0519159,89.0078
168,1905.22,3.42261,39.0915,5.55168,0.808202,19.204,3.45037,1.58461,0.111929,0.0428838,0.0679106,0.186658,0.070825,0.115239,0.01,0.0299455,0.107434,0.279104,0.0524679,84.3279
169,1905.38,3.42691,39.1371,5.55922,0.809533,19.2115,3.44167,1.58336,0.112286,0.0426441,0.0716806,0.192723,0.0706575,0.118565,0.01,0.0309097,0.107217,0.278931,0.0524152,85.4751
170,1903.9,3.41942,39.1381,5.57313,0.810184,19.2087,3.46077,1.5838,0.112594,0.0431348,0.0717248,0.187659,0.0705284,0.11856,0.01,0.0301851,0.107465,0.288118,0.0517408,87.0197
171,1904.75,3.42005,39.1338,5.59552,0.810958,19.2106,3.47351,1.58413,0.111174,0.0433166,0.0710225,0.186016,0.0705118,0.115656,0.01,0.031774,0.106846,0.290814,0.0512891,87.0482
172,1904.23,3.42552,39.1626,5.5697,0.810257,19.207,3.47218,1.58353,0.111777,0.0435649,0.0710228,0.186189,0.0705124,0.116136,0.01,0.0331003,0.106155,0.302535,0.0505558,85.6413
173,1904.89,3.42182,39.11,5.58406,0.810733,19.212,3.46661,1.58858,0.111718,0.0431449,0.0713327,0.17877,0.0707545,0.120112,0.01,0.0338041,0.105921,0.281409,0.0519628,90.0229
174,1901.94,3.42961,39.0962,5.5777,0.810164,19.2108,3.45145,1.58753,0.112364,0.0433267,0.0705073,0.176459,0.0708563,0.120955,0.01,0.0320023,0.106902,0.274583,0.0524341,87.7878
175,1905.13,3.4194,39.1354,5.58538,0.80977,19.2268,3.44657,1.58787,0.112524,0.0431246,0.0699891,0.173022,0.070725,0.118313,0.01,0.0332608,0.105849,0.26824,0.052787,86.5479
176,1904.18,3.42021,39.1639,5.57634,0.80903,19.2233,3.44714,1.59231,0.112528,0.0429539,0.0709175,0.168852,0.070801,0.119232,0.01,0.0319904,0.106071,0.277203,0.0522363,84.5651
177,1904.44,3.41821,39.1348,5.55482,0.807383,19.2201,3.45481,1.59463,0.112988,0.0433772,0.0716646,0.1729,0.0709727,0.117469,0.01,0.0322733,0.105541,0.254215,0.0537392,87.5008
178,1903.42,3.42427,39.0984,5.55438,0.806318,19.2198,3.43671,1.59295,0.11275,0.0430538,0.072178,0.161965,0.0709072,0.118117,0.01,0.0303048,0.107013,0.276397,0.0523389,85.6685
179,1904.03,3.42108,39.1324,5.53561,0.803915,19.2122,3.43053,1.58989,0.113198,0.0436634,0.0694223,0.15234,0.0701462,0.116964,0.01,0.0313744,0.10564,0.272103,0.052649,89.0375
180,1902.18,3.42738,39.1489,5.5627,0.80427,19.21,3.43853,1.59251,0.113009,0.0428314,0.0697826,0.151244,0.0707165,0.119641,0.01,0.0304895,0.106596,0.276472,0.0526622,88.1914
181,1904.48,3.42353,39.0458,5.56684,0.804194,19.1976,3.44989,1.59503,0.112434,0.0419044,0.0686509,0.146981,0.0707116,0.12198,0.01,0.0322662,0.106256,0.272586,0.0526627,90.6806
182,1904.17,3.42651,39.1212,5.57427,0.805087,19.2108,3.44622,1.59516,0.112687,0.0422622,0.0690537,0.151087,0.0708574,0.119491,0.01,0.0319207,0.106668,0.277543,0.0522191,85.769
183,1904.99,3.42141,39.1147,5.54403,0.802394,19.2234,3.44297,1.59402,0.112895,0.0429309,0.0698913,0.152104,0.0708146,0.120524,0.01,0.0340137,0.106173,0.275854,0.0523875,88.6682
184,1904.63,3.42358,39.1662,5.53559,0.802446,19.2216,3.42264,1.59622,0.113241,0.0431055,0.0695803,0.144771,0.0703228,0.119634,0.01,0.0327288,0.106204,0.280969,0.0523824,87.121
185,1904.61,3.42804,39.1097,5.51652,0.801682,19.2346,3.40559,1.59803,0.11433,0.043468,0.0698086,0.144566,0.0707349,0.118726,0.01,0.0330243,0.106312,0.27851,0.0523034,85.3747
186,1903.17,3.42263,39.0906,5.57279,0.803751,19.2023,3.42929,1.60288,0.11351,0.0430295,0.0697214,0.14151,0.0706022,0.117821,0.01,0.0324053,0.105826,0.257888,0.0531863,84.9198
187,1904,3.4229,39.0499,5.57883,0.804842,19.2181,3.42847,1.60479,0.111512,0.043489,0.0709739,0.141585,0.0704115,0.120533,0.01,0.0324115,0.105814,0.274763,0.0521279,88.4308
188,1903.92,3.42376,39.1652,5.60385,0.805486,19.1952,3.4194,1.60548,0.111214,0.0431245,0.0702203,0.142294,0.0706164,0.118073,0.01,0.0318825,0.106899,0.260621,0.0535107,91.3043
189,1903.49,3.42052,39.1378,5.58819,0.804585,19.2139,3.40134,1.60637,0.11163,0.0434074,0.0713323,0.141429,0.0704233,0.120848,0.01,0.0310232,0.106662,0.266309,0.0530362,89.9728
190,1904.57,3.42373,39.0958,5.56557,0.803011,19.2227,3.39849,1.60551,0.112127,0.0432895,0.0739655,0.145773,0.0703878,0.12177,0.01,0.0319417,0.106485,0.266218,0.0533673,86.5915
191,1905.54,3.41846,39.1094,5.55601,0.803374,19.2347,3.38251,1.60675,0.111991,0.043171,0.0756188,0.145141,0.0700221,0.121245,0.01,0.0316805,0.106257,0.277647,0.0528247,89.958
192,1904.1,3.42066,39.1047,5.54962,0.801641,19.2111,3.41373,1.6068,0.113029,0.0433278,0.0750877,0.138653,0.0701535,0.126071,0.01,0.0302052,0.106432,0.263996,0.0532816,87.7461
193,1904.53,3.42005,39.1919,5.52769,0.800858,19.2026,3.42849,1.60566,0.113049,0.0428802,0.0738385,0.133869,0.070536,0.127548,0.01,0.030456,0.106368,0.26035,0.0536911,86.1962
194,1902.51,3.41173,39.096,5.53219,0.801172,19.2306,3.42358,1.61148,0.112291,0.0430108,0.0730951,0.129043,0.0699706,0.125661,0.01,0.0320478,0.106202,0.275387,0.0519952,87.8831
195,1903.06,3.4161,39.0754,5.56234,0.801323,19.197,3.43512,1.61465,0.112648,0.0428728,0.072381,0.125894,0.0705665,0.123833,0.01,0.0311817,0.106866,0.264241,0.0531301,90.6079
196,1903.86,3.42246,39.0975,5.55667,0.800475,19.2169,3.42381,1.60862,0.112383,0.0426326,0.0718,0.121425,0.0699446,0.119895,0.01,0.0315617,0.107135,0.271241,0.0524573,88.3395
197,1904.42,3.42704,39.1418,5.56216,0.800859,19.2355,3.42284,1.6091,0.113045,0.0430909,0.0713591,0.117089,0.0705784,0.119804,0.01,0.0317495,0.107114,0.258536,0.0534766,87.7129
198,1902.89,3.43088,39.1443,5.56039,0.799947,19.1854,3.43077,1.60635,0.112597,0.0429769,0.0707578,0.112106,0.0704664,0.116142,0.01,0.0330608,0.106116,0.286613,0.0518826,87.1105
199,1903.72,3.42826,39.1348,5.52768,0.80001,19.2189,3.38916,1.60557,0.112015,0.0423823,0.0725887,0.115352,0.0704832,0.118423,0.01,0.0308784,0.107145,0.265811,0.053423,91.2146
200,1904.74,3.42257,39.1132,5.52989,0.800065,19.2077,3.41516,1.60475,0.112221,0.0430747,0.07578,0.117264,0.0703694,0.117722,0.01,0.0332143,0.106232,0.269641,0.0527979,88.6158
201,1902.77,3.423,39.1249,5.53818,0.800341,19.2268,3.4108,1.6046,0.111754,0.0429856,0.0754184,0.115914,0.0699165,0.117383,0.01,0.0344386,0.105695,0.267279,0.0529863,87.8966
202,1904.31,3.42199,39.1342,5.54052,0.800095,19.2288,3.404,1.60783,0.113621,0.0423893,0.0735826,0.120393,0.0704022,0.11781,0.01,0.0338449,0.10662,0.267451,0.0534828,87.5025
203,1901.93,3.42078,39.1372,5.53307,0.799043,19.2079,3.41294,1.60628,0.114075,0.0431442,0.073553,0.116782,0.0703508,0.117242,0.01,0.0320258,0.106428,0.272753,0.0528056,90.3076
204,1902.35,3.42276,39.1296,5.55236,0.798752,19.2207,3.41228,1.60955,0.111514,0.0427629,0.0736962,0.110531,0.0703247,0.119574,0.01,0.0319024,0.106129,0.260282,0.0534756,89.4246
205,1904.03,3.42802,39.1007,5.55786,0.798314,19.1963,3.4273,1.60938,0.112212,0.043468,0.0728554,0.109327,0.0703715,0.11915,0.01,0.0320263,0.107269,0.267547,0.0528239,90.1204
206,1904.1,3.4194,39.0971,5.56017,0.798788,19.2357,3.40411,1.60743,0.11191,0.0431212,0.0741248,0.109313,0.0700917,0.120196,0.01,0.0315448,0.107543,0.270368,0.052712,91.472
207,1903.06,3.42326,39.1262,5.55381,0.798394,19.2028,3.40458,1.61092,0.112054,0.043626,0.0722598,0.104955,0.0699736,0.118294,0.01,0.0329316,0.106402,0.270833,0.0524333,87.139
208,1903.01,3.42605,39.1755,5.5596,0.798794,19.2074,3.40616,1.60727,0.112385,0.042987,0.070732,0.10308,0.0702964,0.123004,0.01,0.0330689,0.107057,0.260395,0.053702,90.3378
209,1904.46,3.42305,39.108,5.56299,0.79896,19.2052,3.39645,1.61047,0.112423,0.0426548,0.071973,0.101326,0.0706802,0.123073,0.01,0.0310491,0.106747,0.268895,0.0526704,89.5757
210,1904.18,3.42693,39.1048,5.57432,0.798752,19.2209,3.40882,1.61021,0.112065,0.0432464,0.0722355,0.100158,0.0704628,0.122754,0.01,0.0327885,0.105784,0.27887,0.0521566,85.2805
211,1904.12,3.41955,39.1068,5.56065,0.798017,19.2141,3.40608,1.61407,0.111642,0.0428415,0.0740033,0.0998887,0.0701611,0.125119,0.01,0.033162,0.10567,0.28109,0.0517456,88.8412
212,1902.28,3.41383,39.1331,5.58435,0.799074,19.2019,3.41769,1.61703,0.114558,0.0430964,0.0732044,0.098716,0.0706553,0.125135,0.01,0.0312392,0.106477,0.291217,0.0513036,91.4605
213,1903.84,3.42702,39.1047,5.57384,0.799008,19.2012,3.41706,1.61489,0.111002,0.0430064,0.0744328,0.0981531,0.0702665,0.119912,0.01,0.0309926,0.10646,0.28345,0.0519213,89.1886
214,1900.95,3.41924,39.1047,5.55527,0.799216,19.2293,3.39149,1.61507,0.111592,0.0427789,0.0724869,0.0958509,0.0702003,0.118288,0.01,0.030721,0.106442,0.274711,0.0523139,88.8232
215,1904.74,3.42345,39.1414,5.57319,0.798898,19.2154,3.40268,1.61239,0.112097,0.0432068,0.0733331,0.0938079,0.0702236,0.120162,0.01,0.0317706,0.106521,0.277001,0.0520609,90.2764
216,1900.75,3.42144,39.1204,5.57283,0.799179,19.2133,3.40378,1.61446,0.112332,0.0430362,0.0737787,0.093478,0.0701463,0.120565,0.01,0.0306754,0.106431,0.267212,0.0526941,90.0569
217,1902.81,3.42588,39.101,5.61193,0.8001,19.2003,3.4111,1.61765,0.112488,0.0432115,0.075603,0.0962151,0.0702926,0.123548,0.01,0.0304303,0.106776,0.283836,0.05186,97.1686
218,1904.37,3.41991,39.106,5.61889,0.800701,19.2119,3.40525,1.62053,0.11312,0.0430844,0.0736427,0.0979869,0.0708856,0.124897,0.01,0.0307086,0.106956,0.263126,0.0529933,89.5881
219,1900.57,3.41907,39.1912,5.58678,0.798732,19.2266,3.3966,1.62215,0.112932,0.0433621,0.0740465,0.0939199,0.0698484,0.125633,0.01,0.0320814,0.106102,0.254619,0.0531671,87.1334
220,1902.59,3.42309,39.127,5.56343,0.799013,19.2193,3.38358,1.62092,0.112011,0.0435382,0.0756115,0.0933581,0.0701226,0.125412,0.01,0.0321668,0.105919,0.271444,0.0528662,95.9528
221,1903.27,3.42656,39.0909,5.57373,0.79885,19.1999,3.40752,1.61712,0.111387,0.0433222,0.0730522,0.0915939,0.0701833,0.124457,0.01,0.0342276,0.105601,0.278545,0.0523384,90.4086
222,1902.38,3.423,39.1354,5.57881,0.799205,19.1948,3.41752,1.61403,0.112957,0.0424545,0.0748188,0.0922056,0.0704949,0.126219,0.01,0.0303079,0.107399,0.258885,0.0534349,92.8409
223,1902.81,3.42707,39.1318,5.6026,0.799572,19.205,3.42069,1.61049,0.111487,0.042508,0.0759458,0.0923372,0.0702508,0.127195,0.01,0.0327359,0.106921,0.264736,0.0533802,91.5509
224,1901.74,3.43095,39.1123,5.58454,0.799259,19.2236,3.3784,1.61402,0.11185,0.042397,0.077243,0.0923774,0.0702199,0.12538,0.01,0.0326315,0.105829,0.261927,0.0531879,89.9729
225,1903.11,3.42018,39.1169,5.60066,0.800433,19.2112,3.39534,1.61508,0.112199,0.0428232,0.0770956,0.090395,0.0696723,0.122333,0.01,0.0339493,0.10546,0.242807,0.0546462,92.2198
226,1903.29,3.42068,39.0704,5.59051,0.80015,19.2301,3.3866,1.61267,0.112347,0.0432223,0.0774358,0.0902093,0.0703258,0.123948,0.01,0.0326628,0.106367,0.263683,0.0526923,90.3389
227,1903.82,3.42176,39.1442,5.61284,0.800294,19.1986,3.42713,1.60969,0.111969,0.0433452,0.0781042,0.0898556,0.070521,0.126186,0.01,0.0316818,0.106949,0.25727,0.0534152,88.8917
228,1902.81,3.42341,39.1655,5.56488,0.799892,19.222,3.38844,1.61035,0.113249,0.0428959,0.0790227,0.0878581,0.0697227,0.130108,0.01,0.0331814,0.106531,0.262624,0.0531535,90.2974
229,1903.65,3.42384,39.0932,5.54993,0.798739,19.2164,3.40903,1.60857,0.112948,0.0425276,0.0758186,0.0834563,0.0702047,0.12647,0.01,0.0332572,0.106744,0.26227,0.0533983,88.6775
230,1905.7,3.42222,39.1267,5.58569,0.799241,19.2064,3.41735,1.60961,0.112342,0.042655,0.0758082,0.0827741,0.0703346,0.126446,0.01,0.032974,0.106292,0.256104,0.0537046,88.293
231,1902.82,3.42831,39.1344,5.59781,0.800055,19.1953,3.4273,1.61249,0.111867,0.0429319,0.0769288,0.0846952,0.0697852,0.124986,0.01,0.032981,0.105769,0.274108,0.0527577,86.9988
232,1902.12,3.42489,39.1104,5.60864,0.800029,19.2143,3.41281,1.60816,0.110704,0.0433148,0.0750649,0.0839624,0.0703329,0.12455,0.01,0.0326899,0.106616,0.243521,0.0543782,87.9087
233,1904.29,3.42243,39.1184,5.59802,0.798933,19.1966,3.41464,1.60952,0.113125,0.0430215,0.0754961,0.0836593,0.0705305,0.123547,0.01,0.0310796,0.106322,0.247084,0.0542024,89.8998
234,1903.29,3.42212,39.1535,5.55648,0.797546,19.2137,3.41334,1.61158,0.112177,0.0430409,0.0762172,0.0815659,0.0699546,0.126576,0.01,0.0324674,0.10582,0.257319,0.0537475,85.5668
235,1901.78,3.42446,39.1588,5.57058,0.79812,19.2036,3.41315,1.60931,0.111336,0.0434099,0.0743415,0.0800554,0.07014,0.124449,0.01,0.0330727,0.106943,0.250556,0.0539161,91.585
236,1904.76,3.42034,39.1209,5.55772,0.797678,19.2037,3.41738,1.60872,0.113072,0.0433326,0.0767261,0.0815786,0.070571,0.124335,0.01,0.031983,0.10692,0.257288,0.0539143,92.1526
237,1903.5,3.42088,39.1529,5.52541,0.79725,19.2231,3.39815,1.61061,0.112582,0.0430127,0.073848,0.0774003,0.0707994,0.122385,0.01,0.0334023,0.105477,0.267898,0.0528785,87.4302
238,1901.14,3.4186,39.1196,5.5302,0.797993,19.2033,3.43204,1.60615,0.112708,0.0436761,0.0720062,0.0749943,0.0705501,0.1203,0.01,0.0331079,0.105927,0.272735,0.052784,90.6647
239,1903.22,3.42641,39.1066,5.54848,0.798114,19.2196,3.42443,1.61142,0.111822,0.0429674,0.0720729,0.0735638,0.0703112,0.124195,0.01,0.033086,0.10634,0.274379,0.0528242,94.0237
240,1902.72,3.4194,39.1388,5.56398,0.797914,19.2053,3.42448,1.6096,0.112372,0.0433469,0.0710324,0.0723252,0.0700506,0.124454,0.01,0.0338457,0.105694,0.259702,0.0534085,89.1868
241,1902.66,3.42059,39.1416,5.5664,0.798241,19.2248,3.40832,1.60659,0.112448,0.0434774,0.0710548,0.0720949,0.0701583,0.12546,0.01,0.0329338,0.106474,0.247255,0.0544142,92.1542
242,1901.74,3.42616,39.1198,5.5789,0.798998,19.2192,3.4034,1.60751,0.111241,0.0432261,0.0716055,0.0726014,0.0701506,0.123796,0.01,0.0322582,0.105732,0.257799,0.0531416,90.405
243,1902.76,3.42457,39.086,5.5747,0.79885,19.2039,3.41472,1.60743,0.111243,0.0432446,0.070341,0.0716873,0.0701795,0.124244,0.01,0.0316242,0.106224,0.263145,0.0536269,92.6862
244,1903.37,3.42603,39.1479,5.55084,0.798061,19.2224,3.40076,1.60702,0.110436,0.0429932,0.0707807,0.069792,0.0701384,0.122059,0.01,0.0316717,0.106263,0.271175,0.0528293,87.4731
245,1904.63,3.416,39.1387,5.55716,0.797698,19.2022,3.42526,1.60875,0.112072,0.0426062,0.0738809,0.0718191,0.0704318,0.122204,0.01,0.0319204,0.106811,0.260862,0.0533562,90.633
246,1904.91,3.42004,39.152,5.5613,0.798024,19.2106,3.41426,1.60758,0.111101,0.0427743,0.0740197,0.0728735,0.0703496,0.119561,0.01,0.0307249,0.107285,0.259404,0.0537174,90.8497
247,1903.62,3.42347,39.1166,5.55981,0.797658,19.2129,3.4122,1.60327,0.113088,0.0432022,0.0729956,0.0741496,0.0708564,0.120841,0.01,0.031545,0.105979,0.265697,0.0532921,87.1889
248,1901.53,3.42495,39.1122,5.56261,0.797877,19.2031,3.41397,1.60213,0.11085,0.0430788,0.0742122,0.0742058,0.0702996,0.122313,0.01,0.0325716,0.10555,0.270617,0.0525825,88.7346
249,1903.31,3.41874,39.1654,5.54873,0.797563,19.2277,3.39621,1.60455,0.112378,0.0431793,0.0745779,0.0762193,0.0702753,0.121423,0.01,0.0329481,0.105663,0.254303,0.0534339,93.7154
250,1904.17,3.42338,39.1117,5.54593,0.797795,19.2255,3.38519,1.60832,0.114014,0.0430678,0.0754403,0.0776886,0.070371,0.12133,0.01,0.0319219,0.105392,0.262975,0.0533024,88.7263
251,1902.37,3.42909,39.0997,5.56554,0.7978,19.2184,3.38783,1.60991,0.111355,0.0429178,0.0734777,0.0760783,0.069834,0.116295,0.01,0.0322963,0.106491,0.264547,0.0530151,90.7397
252,1902.12,3.41932,39.1343,5.55729,0.797477,19.2211,3.39095,1.60938,0.111291,0.0430566,0.0777459,0.079293,0.0701616,0.122483,0.01,0.0324197,0.105727,0.269695,0.0528659,91.6341
253,1903.51,3.42468,39.079,5.57421,0.798196,19.2308,3.38281,1.61045,0.112595,0.0432246,0.0786069,0.0801665,0.0700728,0.124523,0.01,0.0311069,0.106545,0.25265,0.0540549,91.7136
254,1902.66,3.4276,39.1425,5.57822,0.798923,19.2117,3.39698,1.60923,0.111962,0.0432514,0.0786329,0.0804704,0.0697306,0.124418,0.01,0.0320742,0.106483,0.265574,0.0527689,90.5659
255,1904.18,3.42755,39.1557,5.58857,0.798527,19.2028,3.40278,1.61053,0.111656,0.0432976,0.0769003,0.0807455,0.0703643,0.124935,0.01,0.0335328,0.106493,0.288572,0.0514573,90.5759
256,1902.59,3.43068,39.1231,5.59593,0.798569,19.2026,3.41027,1.6085,0.111173,0.0432904,0.0764838,0.0816755,0.0702616,0.121763,0.01,0.0313865,0.106809,0.25926,0.0531348,87.7642
257,1904.07,3.4258,39.1508,5.59015,0.798119,19.1967,3.40433,1.60675,0.112507,0.0432247,0.0779304,0.081285,0.0703171,0.125018,0.01,0.0308366,0.106648,0.257099,0.0534107,89.8832
258,1903.19,3.42256,39.0955,5.58562,0.797678,19.2213,3.41008,1.6074,0.11204,0.0431385,0.0794236,0.0812334,0.0698443,0.124723,0.01,0.0301125,0.107,0.2534,0.0539683,86.3429
259,1903.71,3.42139,39.2168,5.56448,0.796958,19.2166,3.40185,1.61011,0.113213,0.0432163,0.0807415,0.0789071,0.0698485,0.120624,0.01,0.0304188,0.107498,0.26272,0.0532176,91.2097
260,1902.87,3.41676,39.0867,5.55257,0.796735,19.2207,3.38932,1.6135,0.112121,0.0431319,0.0801295,0.0799574,0.0698867,0.12248,0.01,0.0296936,0.107598,0.248479,0.0537994,91.9587
261,1901.09,3.4218,39.1316,5.57359,0.797198,19.2161,3.40547,1.61156,0.112879,0.0434942,0.0785105,0.0781789,0.0699115,0.124568,0.01,0.0302427,0.107,0.254756,0.0533891,91.5137
262,1903.74,3.42165,39.1334,5.55945,0.79694,19.2241,3.39095,1.61241,0.113578,0.0426803,0.0819979,0.0809598,0.069862,0.122758,0.01,0.0308506,0.10705,0.254134,0.0533369,90.7022
263,1902.49,3.43028,39.155,5.56744,0.797063,19.2117,3.39124,1.61374,0.110298,0.0435879,0.0793501,0.0797513,0.0700326,0.121086,0.01,0.0307376,0.106671,0.259724,0.0534716,89.2848
264,1902.56,3.4202,39.1353,5.55895,0.797192,19.2124,3.39562,1.61436,0.11119,0.0432014,0.0802036,0.079239,0.0700387,0.124621,0.01,0.0333434,0.105788,0.254983,0.0535052,90.3054
265,1900.91,3.41903,39.1046,5.58591,0.798132,19.2291,3.39142,1.61466,0.111872,0.0431079,0.0803737,0.078382,0.0701027,0.12519,0.01,0.0332406,0.106209,0.264188,0.0528728,89.8955
266,1901.74,3.41967,39.0678,5.59899,0.797858,19.2156,3.39627,1.61438,0.112631,0.0430303,0.0806953,0.0780477,0.0704786,0.127294,0.01,0.032516,0.106273,0.263486,0.0531715,91.9961
267,1902.03,3.42321,39.1163,5.56192,0.797635,19.2261,3.38957,1.61355,0.112717,0.0428192,0.0827782,0.0786638,0.070489,0.12886,0.01,0.031835,0.106499,0.239708,0.0544685,92.404
268,1902.75,3.42139,39.1787,5.52694,0.796294,19.2184,3.39042,1.61414,0.111779,0.0431059,0.0812563,0.0769889,0.0702095,0.128385,0.01,0.0313726,0.10687,0.249737,0.053901,89.9308
269,1903.34,3.42327,39.1306,5.55898,0.797227,19.209,3.39343,1.61472,0.11292,0.0427562,0.0806194,0.0781727,0.0703537,0.128167,0.01,0.0313298,0.106866,0.259392,0.0530311,92.4489
270,1902.06,3.41926,39.1494,5.55035,0.797153,19.2103,3.39715,1.61632,0.111081,0.0437429,0.0802947,0.0796011,0.0694318,0.125669,0.01,0.0342298,0.105655,0.260464,0.0532907,87.8611
271,1904.64,3.42876,39.1299,5.56107,0.797985,19.2191,3.3879,1.61281,0.112763,0.0425783,0.0779478,0.0797633,0.069919,0.130038,0.01,0.0327169,0.106419,0.262826,0.0532644,91.526
272,1904.44,3.42546,39.0382,5.57632,0.79848,19.212,3.39269,1.60992,0.112218,0.042808,0.0777483,0.0789044,0.0701582,0.132776,0.01,0.0317034,0.106674,0.251016,0.0541614,87.3105
273,1903.08,3.42591,39.0686,5.59199,0.799068,19.2156,3.3987,1.6093,0.11287,0.043874,0.0781851,0.0788281,0.0701903,0.132799,0.01,0.0323395,0.106252,0.255268,0.0536353,87.2695
274,1902.81,3.42297,39.168,5.54953,0.79793,19.2192,3.39597,1.61016,0.112831,0.0430527,0.0778933,0.0776135,0.0700427,0.130845,0.01,0.0324019,0.105661,0.264876,0.0529244,87.8088
275,1901.2,3.42924,39.1099,5.56067,0.799023,19.2183,3.39378,1.61311,0.113191,0.0436198,0.0795573,0.0776088,0.0700266,0.130166,0.01,0.0330808,0.105456,0.26719,0.0525154,90.1282
276,1902.82,3.42121,39.1631,5.58273,0.799304,19.2198,3.40503,1.61883,0.111329,0.0436868,0.0772565,0.0739724,0.0698624,0.131399,0.01,0.0322547,0.106549,0.263631,0.0528916,90.9432
277,1903.21,3.41825,39.1252,5.58671,0.798991,19.2099,3.38914,1.62163,0.113488,0.0423448,0.0793988,0.0768841,0.0699261,0.128785,0.01,0.0310894,0.106731,0.269084,0.0529531,93.7425
278,1902.73,3.41977,39.1129,5.62518,0.799833,19.1852,3.42942,1.62282,0.111725,0.0423632,0.0792436,0.075128,0.0698003,0.131154,0.01,0.034577,0.105318,0.26733,0.0529103,92.4799
279,1901.86,3.42174,39.0971,5.60006,0.799155,19.2013,3.42845,1.61995,0.112571,0.0432848,0.07946,0.0741004,0.0703337,0.128545,0.01,0.0322137,0.106058,0.236966,0.0548293,89.8251
280,1903.38,3.42174,39.0874,5.57438,0.798029,19.217,3.41419,1.6162,0.111814,0.0427875,0.078937,0.0725888,0.0698133,0.130472,0.01,0.0342668,0.105486,0.248039,0.0542011,89.2852
281,1902.41,3.4198,39.0894,5.54904,0.797359,19.2096,3.40656,1.61917,0.112541,0.0431544,0.0811718,0.0727521,0.0704683,0.132756,0.01,0.0329673,0.105627,0.257451,0.0537448,90.9222
282,1901.27,3.42798,39.1479,5.55146,0.797382,19.1973,3.41936,1.62237,0.112245,0.0430233,0.0793624,0.071666,0.0697566,0.129508,0.01,0.0310386,0.106182,0.263348,0.0530287,90.6527
283,1900.07,3.42023,39.0991,5.54029,0.796895,19.2087,3.39241,1.62446,0.112173,0.0431478,0.0778859,0.0693314,0.0701236,0.130937,0.01,0.032569,0.105826,0.264915,0.052964,93.3111
284,1902.28,3.41919,39.1224,5.56439,0.797433,19.2198,3.4006,1.62301,0.113075,0.0427374,0.0771642,0.0677979,0.0699724,0.128287,0.01,0.0306427,0.106748,0.250316,0.0538539,90.9193
285,1902.38,3.42649,39.1778,5.57667,0.797977,19.2147,3.39771,1.62246,0.112625,0.0429537,0.074383,0.0643396,0.0704088,0.12531,0.01,0.0309042,0.106411,0.260038,0.0534273,88.8864
286,1901.88,3.42509,39.1292,5.56013,0.797733,19.2099,3.39183,1.62223,0.111064,0.0429407,0.0754333,0.0649478,0.070591,0.12497,0.01,0.0318101,0.106865,0.267751,0.0531658,92.0661
287,1904.83,3.42516,39.1295,5.5482,0.796787,19.2097,3.41238,1.62133,0.111221,0.0431059,0.0774427,0.0667178,0.069982,0.126312,0.01,0.0331468,0.106091,0.25341,0.0538341,91.6167
288,1902.08,3.4212,39.1516,5.54646,0.796873,19.2049,3.41065,1.62302,0.112006,0.0421541,0.0784036,0.0667254,0.0697854,0.127487,0.01,0.031151,0.106358,0.26251,0.0528053,87.9225
289,1901.92,3.41903,39.1501,5.55076,0.796893,19.2183,3.41099,1.62673,0.113149,0.0428841,0.0770954,0.0657728,0.0696948,0.125863,0.01,0.0309843,0.106686,0.273566,0.052752,92.2896
290,1903.07,3.42033,39.125,5.53741,0.797184,19.217,3.39321,1.62737,0.112088,0.0428043,0.0762816,0.0653003,0.0698789,0.126837,0.01,0.029617,0.107369,0.278032,0.0520514,90.7447
291,1902.88,3.4187,39.14,5.53737,0.796739,19.2128,3.39206,1.62366,0.112814,0.0434903,0.0777037,0.0656308,0.0697857,0.128396,0.01,0.032644,0.106388,0.256333,0.0537202,92.6424
292,1901.55,3.42537,39.1472,5.58115,0.797759,19.2169,3.39835,1.62355,0.113159,0.0431387,0.0764462,0.0654175,0.0699862,0.128086,0.01,0.0324672,0.106031,0.265026,0.052649,92.8326
293,1903.09,3.42076,39.1683,5.57267,0.797657,19.2106,3.38973,1.62251,0.112276,0.0429527,0.0754679,0.0653462,0.0703486,0.128133,0.01,0.0310577,0.106667,0.259068,0.0535146,87.8233
294,1902.52,3.41711,39.1168,5.56253,0.797022,19.2142,3.39473,1.62522,0.112169,0.0422905,0.0786597,0.0681465,0.0699167,0.128857,0.01,0.0308527,0.105992,0.253192,0.0539332,92.3119
295,1903.65,3.42225,39.149,5.56567,0.796955,19.2065,3.40029,1.62608,0.113581,0.0425481,0.082323,0.0704806,0.0696258,0.12969,0.01,0.0311553,0.107244,0.256041,0.0535438,91.5405
296,1902.99,3.42659,39.122,5.60586,0.798028,19.1972,3.40564,1.62913,0.111923,0.0433156,0.0822994,0.0703899,0.0701785,0.133667,0.01,0.0316695,0.106839,0.257501,0.0535407,88.3172
297,1901.38,3.41878,39.1012,5.61101,0.798142,19.208,3.39431,1.62898,0.111796,0.0434683,0.0823169,0.0712025,0.0697008,0.131506,0.01,0.0311043,0.106292,0.251508,0.0538086,91.462
298,1903.44,3.41744,39.1086,5.61457,0.798021,19.2043,3.39804,1.63153,0.112143,0.0434373,0.0814901,0.0712007,0.0703922,0.129951,0.01,0.0322489,0.105636,0.260388,0.0533997,90.0862
299,1902.14,3.42527,39.0825,5.59157,0.797624,19.2133,3.40795,1.63291,0.112045,0.0429844,0.0790998,0.0698421,0.0702125,0.129419,0.01,0.0322831,0.105997,0.254706,0.0533179,89.3803
300,1901.83,3.41819,39.0969,5.60137,0.797862,19.2095,3.3931,1.62942,0.112126,0.0432408,0.0796056,0.0697181,0.07012,0.127204,0.01,0.0319089,0.10608,0.247513,0.0540957,88.9078
