ID,CL,V1,Tout12,Imax,BASE,IC50,HILL
1,2.7792,41.438,6.0502,0.80625,26.007,3.2401,1.6165
2,3.2179,34.82,5.385,0.79666,24.416,2.7689,1.6135
3,2.7897,45.783,4.9295,0.78187,20.055,3.056,1.603
4,3.4698,52.582,4.7451,0.79182,18.844,2.1051,1.554
5,6.6725,36.154,5.0723,0.7862,16.671,3.1999,1.6126
6,4.2388,34.668,5.1753,0.78726,15.412,3.3256,1.6195
7,4.2872,35.699,6.8112,0.81196,17.813,5.2478,1.7132
8,1.8256,49.662,6.3408,0.81681,19.735,3.3747,1.5672
9,5.8614,40.545,6.4602,0.81651,19.549,3.8502,1.6409
10,3.5034,50.3,6.3144,0.80821,17.586,4.4519,1.6491
11,4.2288,39.379,8.7663,0.84809,29.544,4.5795,1.6249
12,3.7985,38.993,5.974,0.81192,17.473,3.1515,1.5907
13,2.9965,33.405,3.9079,0.75402,21.537,2.1509,1.7286
14,2.4844,35.288,5.5316,0.781,14.491,5.1423,1.6607
15,2.9197,41.595,5.9095,0.80457,19.073,3.5596,1.6518
16,3.95,52.565,5.6154,0.79572,17.692,3.7645,1.6267
17,1.9339,46.07,4.6592,0.77321,12.415,3.2324,1.6217
18,6.2297,53.501,6.0908,0.81502,24.315,2.7255,1.584
19,4.9428,36.589,6.7233,0.81245,21.676,4.6867,1.6321
20,4.4206,20.027,4.8645,0.78843,34.423,2.0177,1.6222
21,2.2783,31.923,4.005,0.7349,17.644,3.1611,1.6357
22,2.4771,51.563,5.8215,0.81991,30.679,2.0724,1.7019
23,2.6006,39.821,3.7151,0.72509,19.912,3.3596,1.7036
24,4.2525,37.046,8.2132,0.83491,11.578,6.5401,1.5697
25,5.0598,40.919,6.0724,0.81411,15.784,3.1211,1.6656
26,2.6764,40.146,6.0095,0.79243,19.089,4.9324,1.6407
27,2.5707,29.232,3.7012,0.75703,15.061,1.9863,1.6547
28,4.2214,34.189,4.3795,0.77309,13.078,2.9212,1.6604
29,2.9871,36.304,6.5431,0.81958,16.042,3.8963,1.5861
30,2.6377,35.684,8.3067,0.83588,29.544,4.973,1.5496
