ITER,OBJ,FOLDX,TPEAK,CPEAK,KALPHA,KBETA,FPERS,FOLDX~FOLDX,TPEAK~TPEAK,CPEAK~CPEAK,KALPHA~KALPHA,KBETA~KBETA,FPERS~FPERS,SDLN,ESS
1,3031,3087.95,8.97566,17031.3,0.1624,0.0053843,0.0166526,4,1,1,1,1,1,0.722172,82.3675
2,2632.31,5258.96,8.76548,19951.9,0.155166,0.00416259,0.0112669,4,1,1,1,1,1,0.574759,22.8629
3,2497.12,5619.62,8.81043,21219.3,0.156209,0.00358255,0.0092615,4,1,1,1,1,1,0.521879,27.8003
4,2459.66,5871.38,8.8638,21827.1,0.157263,0.00327054,0.00843836,4,1,1,1,1,1,0.499096,45.5858
5,2451,6060.66,8.91517,22306.6,0.158281,0.00321149,0.00804036,4,1,1,1,1,1,0.490751,69.6277
6,2455.21,6105.08,8.89737,22410.2,0.158076,0.00312308,0.00788106,4,1,1,1,1,1,0.489683,81.7784
7,2453.59,6025.82,8.90236,22246.7,0.1581,0.00308388,0.00788942,4,1,1,1,1,1,0.489487,85.5288
8,2453.67,5936.76,8.91596,22358.3,0.158327,0.00304792,0.00787227,4,1,1,1,1,1,0.487805,88.499
9,2453.11,6070.56,8.91715,22383.1,0.158237,0.0030734,0.00779035,4,1,1,1,1,1,0.488309,84.6029
10,2455.39,6069.36,8.90448,22332.8,0.158365,0.00309579,0.00786714,4,1,1,1,1,1,0.489229,88.5735
11,2454.34,6000.3,8.92519,22317.6,0.158078,0.00307467,0.00787583,4,1,1,1,1,1,0.487887,90.7099
12,2451.99,6049.83,8.91583,22394.7,0.159017,0.00307397,0.00785851,4,1,1,1,1,1,0.488044,84.9998
13,2453.73,6061.61,8.91617,22365.6,0.158057,0.00309767,0.00782783,4,1,1,1,1,1,0.489287,89.0373
14,2452.55,6087.04,8.91204,22501.8,0.158765,0.00306929,0.00785208,4,1,1,1,1,1,0.489878,89.8792
15,2453.73,6117.09,8.90535,22375.2,0.158083,0.00305532,0.00777574,4,1,1,1,1,1,0.486869,89.6714
16,2453.52,6029.73,8.94551,22411.3,0.158268,0.00309679,0.00788682,4,1,1,1,1,1,0.486291,87.7276
17,2453.39,6007.4,8.91349,22446.2,0.15904,0.00309613,0.00785332,4,1,1,1,1,1,0.48743,90.8677
18,2453.71,6094.48,8.90133,22427.9,0.158486,0.00305706,0.00782423,4,1,1,1,1,1,0.487142,88.0089
19,2452.26,6105.3,8.89497,22336.5,0.158455,0.00305538,0.00780262,4,1,1,1,1,1,0.487934,87.2551
20,2453.55,6140.15,8.87238,22412,0.158449,0.00309499,0.0078563,4,1,1,1,1,1,0.487453,88.937
21,2453.57,6083.3,8.91755,22499.5,0.158616,0.00309007,0.0078244,4,1,1,1,1,1,0.486235,84.8132
22,2454.79,6037.43,8.91389,22400.2,0.158618,0.00307929,0.00784547,4,1,1,1,1,1,0.487457,87.7798
23,2452.23,5983.89,8.91053,22316.8,0.158226,0.00306388,0.0078535,4,1,1,1,1,1,0.48766,87.9317
24,2455.07,5953.1,8.92891,22426.6,0.158877,0.00309985,0.00785763,4,1,1,1,1,1,0.487676,88.8996
25,2453.55,6059.37,8.89693,22336.8,0.158116,0.0031572,0.00796588,4,1,1,1,1,1,0.489116,86.4816
26,2455.55,6035.49,8.92551,22436.2,0.159343,0.00316485,0.00790682,4,1,1,1,1,1,0.488517,88.9813
27,2453.63,6069.48,8.91414,22446.5,0.158758,0.00311665,0.0078562,4,1,1,1,1,1,0.487776,87.1302
28,2455.15,6065.3,8.91336,22408.7,0.158542,0.00311084,0.00790331,4,1,1,1,1,1,0.490248,87.3634
29,2453.97,6047.36,8.93526,22526.1,0.158796,0.00306367,0.00777635,4,1,1,1,1,1,0.49001,92.119
30,2453.38,6033.1,8.92501,22435.8,0.15834,0.00310023,0.00784755,5.13842,0.162258,0.388945,0.653473,0.999493,0.567196,0.489332,87.9422
31,2349.77,5835.07,9.00911,22369.4,0.158099,0.00311064,0.00794045,5.4323,0.141428,0.324251,0.627781,1.01925,0.433859,0.48901,78.1363
32,2341.98,5892.12,9.03581,22542.8,0.15916,0.00311745,0.0079363,5.50583,0.13881,0.301864,0.634441,1.02995,0.378052,0.488422,86.1212
33,2341.15,5773.76,9.03496,22363.7,0.158372,0.00310023,0.0079636,5.60893,0.139246,0.288082,0.626272,1.02951,0.353317,0.487933,90.0754
34,2340.59,5732.29,9.02212,22385.7,0.158314,0.0031163,0.00798064,5.53909,0.139765,0.287879,0.629701,1.02723,0.337324,0.487089,92.1223
35,2342.64,5791.95,9.01007,22375.4,0.158061,0.00313861,0.00802559,5.58199,0.139753,0.288763,0.623548,1.03796,0.327349,0.487065,90.0972
36,2340.16,5836.52,9.01961,22426,0.158409,0.00312247,0.00799347,5.58418,0.139314,0.28151,0.624074,1.03589,0.324265,0.487515,93.3216
37,2343.75,5794.49,9.0292,22331,0.158272,0.00310705,0.00806246,5.56499,0.139454,0.28453,0.612977,1.05356,0.320527,0.489271,93.7009
38,2342.71,5755.04,9.02567,22321.2,0.158448,0.00312098,0.00808922,5.46996,0.139205,0.285261,0.618866,1.05793,0.319024,0.488411,92.7368
39,2342.74,5779.38,9.0351,22312.8,0.158777,0.00312585,0.00810601,5.53,0.138672,0.284269,0.617731,1.04404,0.318749,0.489751,91.3685
40,2344.06,5800.77,9.01814,22367.7,0.15824,0.00307667,0.00804352,5.52093,0.140598,0.288395,0.617268,1.08326,0.316051,0.490505,93.0189
41,2339.29,5758.26,9.02241,22345.5,0.158355,0.0030416,0.00806136,5.59374,0.139492,0.290815,0.626215,1.12043,0.311086,0.490476,90.4644
42,2343.33,5755.03,9.02468,22246.7,0.157841,0.00304318,0.00806728,5.51145,0.138794,0.291701,0.619043,1.11646,0.314944,0.489154,90.5614
43,2339.86,5757.07,9.0155,22233.7,0.157804,0.00306722,0.00807273,5.52999,0.139081,0.291464,0.617993,1.08388,0.320729,0.487895,89.5156
44,2339.58,5752.66,9.02892,22185,0.157804,0.00308591,0.00809389,5.53875,0.138147,0.293917,0.62179,1.07534,0.320992,0.487576,92.1982
45,2342.3,5779.13,9.01859,22279.4,0.158171,0.00309807,0.00813047,5.51978,0.140158,0.289179,0.623,1.07978,0.318351,0.486927,90.1704
46,2343.82,5766.41,9.02908,22254.3,0.157632,0.00310123,0.00809664,5.58037,0.138012,0.288244,0.61636,1.05906,0.318682,0.489758,90.7067
47,2342.34,5735.57,9.03942,22348.9,0.158429,0.00308326,0.00806492,5.59117,0.139756,0.28999,0.623575,1.07965,0.317581,0.488278,94.2408
48,2340.01,5752.76,9.03551,22306.4,0.158306,0.00308971,0.00807381,5.5656,0.138407,0.286803,0.619867,1.07717,0.316377,0.489058,91.8559
49,2343.16,5751.04,9.02756,22369.9,0.158386,0.00308414,0.00803225,5.55591,0.140219,0.290289,0.616351,1.0637,0.31503,0.488844,92.6559
50,2340.91,5747.18,9.03605,22385,0.158012,0.0030736,0.00797981,5.53874,0.139513,0.293167,0.618659,1.08712,0.31718,0.490371,90.1866
51,2343.29,5806.73,9.01672,22391.4,0.158411,0.00303872,0.00796909,5.53814,0.140618,0.288436,0.628662,1.11016,0.317995,0.487232,92.416
52,2343.57,5865.38,9.02374,22504.5,0.158687,0.00305979,0.00800275,5.53843,0.139226,0.291899,0.625937,1.1092,0.314217,0.486962,87.6065
53,2339.31,5796.56,9.02633,22413.6,0.158492,0.00303468,0.00799071,5.50861,0.140598,0.291392,0.626067,1.11575,0.312486,0.48731,92.98
54,2340.9,5773.4,9.0172,22388.4,0.158346,0.0030179,0.00797233,5.55783,0.139908,0.290752,0.623764,1.13276,0.304563,0.487974,93.2909
55,2341.77,5822.86,9.0226,22401,0.158313,0.00305925,0.00797939,5.55805,0.139049,0.28822,0.623091,1.08051,0.306551,0.489242,92.3567
56,2341.24,5735.95,9.0254,22257.6,0.157603,0.00301834,0.00799425,5.59579,0.13962,0.286258,0.626924,1.10702,0.315429,0.48896,94.1964
57,2341.89,5822.56,9.02281,22376.3,0.158409,0.00304721,0.00803992,5.56706,0.139163,0.293643,0.616049,1.10933,0.315312,0.488827,90.3972
58,2340.94,5799.69,9.02456,22398.5,0.158682,0.00307473,0.00805742,5.54288,0.139713,0.296719,0.6189,1.10345,0.315871,0.487825,92.3886
59,2341.41,5772.53,9.02181,22371.5,0.157866,0.00304998,0.0079873,5.51333,0.139201,0.292582,0.624905,1.08026,0.311473,0.488563,89.76
60,2342.97,5792.82,9.01899,22286.9,0.157743,0.00300404,0.00791094,5.60207,0.139169,0.284001,0.625274,1.08904,0.314941,0.48869,90.5704
61,2341.75,5751.87,9.0332,22338.8,0.158479,0.00301908,0.00798759,5.57193,0.138581,0.285681,0.618338,1.10689,0.320619,0.486842,92.7515
62,2344.42,5760.05,9.02568,22360.1,0.158047,0.00305056,0.00801982,5.56072,0.138939,0.289229,0.622021,1.09611,0.323006,0.488216,89.9383
63,2342.9,5849.51,9.03968,22507.3,0.159341,0.00307118,0.00795944,5.51833,0.138782,0.289339,0.621512,1.07525,0.313368,0.489809,90.5021
64,2342.03,5784.53,9.04207,22440.4,0.158765,0.00306074,0.00800077,5.5802,0.138899,0.286922,0.614826,1.07333,0.312592,0.489157,92.8124
65,2340.16,5797.02,9.02186,22353.1,0.158316,0.00303158,0.00801178,5.5332,0.138537,0.288253,0.625813,1.12572,0.312253,0.489585,92.47
66,2341.17,5742.93,9.02089,22258.2,0.157691,0.00301269,0.00798968,5.49978,0.138942,0.284206,0.621424,1.10721,0.30452,0.489095,93.0893
67,2340.02,5742.61,9.019,22281.8,0.157592,0.00299925,0.00793472,5.52866,0.139576,0.283064,0.624549,1.11043,0.305967,0.489184,92.6335
68,2342.95,5748.6,9.01972,22157.4,0.157326,0.00294551,0.00799221,5.54608,0.139793,0.280141,0.63061,1.17065,0.308268,0.490591,87.564
69,2344.3,5828.92,9.02004,22356.8,0.157731,0.00298383,0.0079364,5.5349,0.140694,0.285135,0.629109,1.141,0.307785,0.490299,88.4325
70,2342.88,5749.55,9.02633,22315.7,0.157595,0.0029896,0.00795349,5.5849,0.139995,0.282198,0.614478,1.12767,0.311188,0.489862,90.3051
71,2343.37,5824.28,9.01875,22390.5,0.158883,0.0029878,0.00795737,5.55602,0.139762,0.28669,0.625309,1.13906,0.310865,0.488115,89.5541
72,2340.2,5789.61,9.01493,22297.7,0.158042,0.00299538,0.00800261,5.53873,0.139854,0.283014,0.618961,1.11448,0.318054,0.489007,90.3454
73,2342.19,5752.1,9.03275,22348.6,0.158227,0.00303305,0.00802396,5.51623,0.139322,0.286965,0.615819,1.11325,0.313001,0.489834,91.0068
74,2340.91,5750.78,9.02105,22294.7,0.157808,0.00304629,0.00800383,5.55737,0.139591,0.285227,0.626329,1.10147,0.308605,0.488343,91.1919
75,2342.27,5788.42,9.01968,22247.8,0.15793,0.00306015,0.00807315,5.57534,0.139395,0.286858,0.620241,1.09924,0.308621,0.489125,92.6424
76,2344.5,5748.61,9.03628,22256.5,0.157946,0.00300685,0.00797261,5.5593,0.138573,0.289437,0.62305,1.11154,0.306159,0.48987,91.9822
77,2341.73,5762.69,9.03435,22375.6,0.158282,0.00302341,0.00795802,5.56381,0.138382,0.292402,0.621954,1.1086,0.306088,0.488648,90.403
78,2342.42,5769.22,9.04016,22397.8,0.158432,0.00302035,0.0079775,5.56803,0.138315,0.291727,0.621374,1.11137,0.309681,0.489484,90.1351
79,2340.58,5769.52,9.02037,22266.9,0.157883,0.00302734,0.00804632,5.52246,0.139539,0.290377,0.616215,1.11982,0.3012,0.488731,92.7682
80,2341.74,5831.76,9.0256,22339.2,0.157968,0.00303049,0.00797946,5.53601,0.138647,0.292762,0.619368,1.11301,0.309436,0.486808,93.1449
81,2339.16,5739.79,9.03208,22411.5,0.158492,0.00303047,0.00799296,5.54873,0.139898,0.285371,0.622122,1.10403,0.312134,0.486449,92.1599
82,2342.64,5800.57,9.02794,22298.7,0.157724,0.00305625,0.00799933,5.57104,0.138984,0.291456,0.624638,1.07625,0.315931,0.487755,94.0971
83,2341.62,5806.75,9.02589,22314.4,0.15821,0.00304764,0.00798271,5.58576,0.138565,0.286936,0.627646,1.08261,0.314956,0.487938,91.6739
84,2341.47,5750.33,9.03895,22433.6,0.158684,0.00307803,0.00796375,5.58669,0.139045,0.289034,0.620422,1.06143,0.315887,0.488472,91.8766
85,2341.85,5799.89,9.02107,22424.5,0.158383,0.00306856,0.00800431,5.52291,0.139974,0.28865,0.619397,1.08074,0.313257,0.489411,91.1101
86,2341.33,5743.04,9.03726,22395.1,0.158457,0.00310574,0.00802327,5.55413,0.13869,0.290922,0.621038,1.06934,0.319936,0.486688,94.2218
87,2343.12,5818.73,9.01878,22396,0.158573,0.00306582,0.00796654,5.54398,0.139716,0.28813,0.618358,1.06691,0.313693,0.489084,92.7755
88,2342.71,5807.24,9.02314,22236.9,0.157441,0.00306462,0.0079852,5.51772,0.139179,0.285449,0.629746,1.0653,0.316326,0.487061,92.3302
89,2342.4,5893.59,9.01563,22404.3,0.15872,0.0030627,0.00802289,5.54572,0.139825,0.28583,0.615787,1.08326,0.319238,0.488416,90.8651
90,2342.39,5812.67,9.03033,22356.7,0.158284,0.00307137,0.00800908,5.55564,0.139233,0.281432,0.620276,1.07926,0.315121,0.49011,92.6765
91,2342.16,5725.44,9.03396,22270.4,0.157644,0.003051,0.00803246,5.55617,0.137849,0.286407,0.617195,1.08683,0.313507,0.489153,91.0356
92,2343.61,5771.86,9.02978,22290,0.15811,0.00306365,0.00802898,5.5786,0.139084,0.28815,0.621782,1.09088,0.305014,0.489625,91.0304
93,2342.99,5802.06,9.01098,22247.7,0.158223,0.00303192,0.00802318,5.55741,0.138506,0.289565,0.627868,1.10309,0.302357,0.488815,92.0275
94,2339.43,5736.06,9.02371,22284,0.157684,0.00307301,0.00806565,5.54461,0.138393,0.287551,0.622229,1.07932,0.298452,0.486781,92.3851
95,2341.32,5764.36,9.01836,22342.7,0.158294,0.00308132,0.00810274,5.58076,0.139111,0.287981,0.619096,1.09359,0.299038,0.487504,92.2843
96,2340.63,5776.64,9.02068,22320.9,0.158175,0.00308508,0.00807792,5.55863,0.139482,0.291339,0.627878,1.09409,0.299428,0.487724,95.9895
97,2341.67,5724.91,9.02604,22241.8,0.157592,0.00306293,0.00806334,5.54575,0.140533,0.290846,0.622657,1.09282,0.3049,0.48829,94.8488
98,2341.85,5731.77,9.02989,22285.8,0.157901,0.00306211,0.00802194,5.59978,0.13957,0.286662,0.626314,1.08446,0.30654,0.489418,92.709
99,2341.45,5782.49,9.01624,22269.1,0.157892,0.0030482,0.00805113,5.5289,0.139767,0.2904,0.619769,1.10488,0.31541,0.489074,93.2299
100,2338.27,5771.72,9.02146,22273.8,0.157291,0.00311023,0.00806879,5.53723,0.139658,0.287988,0.61198,1.06571,0.311853,0.489272,92.9485
101,2340.87,5796.33,9.02657,22349.3,0.158429,0.00310327,0.00803896,5.56423,0.139417,0.283515,0.623118,1.07244,0.312645,0.487623,94.289
102,2342.44,5754.82,9.02873,22269.3,0.158542,0.00309992,0.00806204,5.53265,0.139158,0.286399,0.614647,1.07376,0.309749,0.490363,92.5038
103,2343.39,5764.63,9.03151,22301.3,0.158332,0.00309296,0.00805099,5.54646,0.138532,0.287019,0.61577,1.06933,0.31188,0.489912,92.1401
104,2342.38,5815.79,9.0264,22366.8,0.157918,0.0030965,0.00802072,5.55651,0.138849,0.286994,0.620581,1.08075,0.313585,0.490109,93.2972
105,2342.93,5829.56,9.0287,22405.4,0.158665,0.00303296,0.00795651,5.59852,0.138986,0.287155,0.623986,1.09594,0.31791,0.489703,93.4605
106,2340.88,5774.55,9.0211,22271.8,0.157745,0.00301202,0.0079868,5.58079,0.139984,0.292076,0.618426,1.10103,0.317186,0.4891,91.1166
107,2341.73,5783.65,9.02278,22331.4,0.15783,0.00300657,0.00795841,5.53507,0.139064,0.292308,0.624561,1.10562,0.30994,0.488195,89.1541
108,2341.92,5730.07,9.018,22216.9,0.157908,0.0030223,0.00796882,5.53519,0.138633,0.292547,0.628113,1.09886,0.324422,0.487933,89.6842
109,2342.88,5835.74,9.02748,22441.4,0.158424,0.00302327,0.00795703,5.53311,0.139445,0.283518,0.619258,1.11759,0.314905,0.489027,89.7709
110,2343.15,5782.99,9.02917,22326.4,0.157995,0.00302296,0.00797454,5.57891,0.138891,0.290025,0.617053,1.10681,0.321892,0.488879,91.431
111,2344.28,5808.26,9.02676,22268.1,0.157937,0.00300816,0.00799563,5.5501,0.139246,0.286903,0.623137,1.11341,0.318449,0.489199,88.7114
112,2342.76,5711.09,9.02865,22253.2,0.157784,0.00297503,0.00798062,5.53161,0.139308,0.291118,0.619998,1.14236,0.31506,0.488276,93.5871
113,2342.37,5773.38,9.02019,22331.1,0.157942,0.00300932,0.00798206,5.52312,0.139629,0.290784,0.622564,1.12295,0.312541,0.491118,90.8636
114,2341.91,5747.41,9.0305,22266.1,0.157746,0.00304429,0.00806039,5.59617,0.138806,0.289784,0.623691,1.10453,0.314785,0.488778,92.7467
115,2342.08,5780.89,9.02128,22198.6,0.157449,0.00305064,0.00805558,5.56128,0.139224,0.289104,0.615033,1.09755,0.304923,0.489876,92.0568
116,2342.43,5788.73,9.02479,22361.7,0.158317,0.00304906,0.00801129,5.5813,0.13889,0.289947,0.617124,1.08503,0.30798,0.489207,91.5853
117,2340.99,5779.7,9.01518,22262.4,0.157696,0.00304786,0.00804278,5.55149,0.139176,0.290557,0.622888,1.0994,0.309303,0.487341,91.1962
118,2342.09,5824.64,9.0161,22397.2,0.158261,0.00306096,0.00799298,5.53047,0.139642,0.2917,0.618596,1.07748,0.305289,0.489299,93.1698
119,2343.66,5759.6,9.03288,22340.5,0.158314,0.00302792,0.00797208,5.60461,0.138517,0.297049,0.621909,1.102,0.306773,0.489233,94.843
120,2341.51,5795.53,9.03044,22284.7,0.157783,0.00303617,0.00800005,5.54917,0.139542,0.296362,0.618054,1.09387,0.306934,0.489996,91.7404
121,2342.24,5751.15,9.02532,22195.1,0.158013,0.0030246,0.00807725,5.50817,0.138308,0.289805,0.619566,1.12123,0.310235,0.490992,87.5967
122,2343.2,5722.11,9.02668,22205,0.157639,0.00302085,0.0080525,5.55803,0.138801,0.288082,0.620108,1.11499,0.315675,0.490136,92.7843
123,2342.32,5841.66,9.03191,22356,0.15866,0.00305908,0.00802607,5.56126,0.138846,0.286293,0.620064,1.10573,0.319401,0.489307,88.9246
124,2339.91,5809.31,9.02997,22493.6,0.158953,0.0030545,0.00800145,5.52434,0.141131,0.285625,0.616484,1.10095,0.317293,0.488356,91.7888
125,2342.45,5824.13,9.02392,22409.1,0.158406,0.00304517,0.00801729,5.50635,0.139736,0.289143,0.619238,1.0987,0.322444,0.488277,92.0351
126,2342.32,5785.94,9.02843,22372.6,0.158211,0.00304342,0.00800966,5.55905,0.139519,0.292142,0.61778,1.10065,0.312268,0.48683,88.593
127,2340.36,5742.78,9.02122,22228,0.157641,0.00305678,0.00802225,5.56411,0.140386,0.294862,0.620584,1.09047,0.311169,0.486469,92.3364
128,2341.38,5794.27,9.03601,22393.1,0.158735,0.00305022,0.0080165,5.55087,0.139625,0.288676,0.619606,1.10571,0.308772,0.488605,91.6006
129,2341.84,5730.56,9.03147,22214.6,0.157827,0.00298638,0.00800336,5.53416,0.137739,0.288119,0.621137,1.12433,0.306974,0.490629,92.4081
130,2343.15,5703.95,9.01959,22253.8,0.157513,0.00299945,0.00799303,5.56596,0.138804,0.290231,0.614039,1.13566,0.303547,0.490882,93.676
131,2341.33,5796.69,9.02434,22227.1,0.157884,0.00301054,0.008078,5.54776,0.139694,0.28937,0.620098,1.15197,0.297051,0.489084,90.5658
132,2342.09,5780.5,9.02303,22307.4,0.157646,0.00300476,0.00798265,5.58216,0.139853,0.288608,0.621758,1.13198,0.299855,0.488677,89.126
133,2342.15,5718.37,9.01948,22211.9,0.157771,0.00300718,0.00803844,5.56122,0.139442,0.290507,0.622363,1.12429,0.310308,0.488126,92.5037
134,2341.6,5760.89,9.02527,22289.1,0.158065,0.00303983,0.00802747,5.58813,0.138351,0.289208,0.622963,1.11634,0.310812,0.487581,91.8362
135,2342.27,5768.57,9.03342,22292.9,0.157846,0.00301971,0.00800012,5.60351,0.138978,0.286598,0.620367,1.11423,0.313821,0.487428,93.5092
136,2341.34,5788.66,9.03493,22381.4,0.158271,0.00302487,0.00797818,5.57332,0.138053,0.292911,0.61758,1.10898,0.324529,0.48523,92.6702
137,2340.94,5748.24,9.0283,22347,0.158041,0.00302234,0.00799475,5.58486,0.139278,0.290842,0.618762,1.11468,0.320321,0.487948,91.5102
138,2341.28,5767.62,9.03383,22310.8,0.157784,0.00300253,0.00794787,5.58757,0.138949,0.293358,0.618523,1.12279,0.327359,0.487554,91.1629
139,2340.59,5796,9.03231,22390.8,0.158564,0.00299638,0.00792959,5.56624,0.138292,0.287826,0.626034,1.10738,0.320872,0.487068,93.6934
140,2341.1,5743.33,9.0367,22439.7,0.158213,0.00304612,0.00799327,5.55912,0.137705,0.287229,0.623049,1.10253,0.322107,0.488617,91.8886
141,2340.44,5828.78,9.01988,22351.7,0.157993,0.0030448,0.00794641,5.54754,0.139238,0.287886,0.618763,1.09125,0.319495,0.485906,91.0908
142,2344.95,5815.76,9.02347,22397.4,0.157825,0.00305505,0.00799167,5.54911,0.139269,0.290555,0.623434,1.09326,0.320196,0.489833,93.4363
143,2341.91,5694.43,9.03125,22348.3,0.158342,0.00303837,0.00801592,5.55275,0.139124,0.291087,0.616595,1.09976,0.318998,0.488175,90.2048
144,2343.95,5752.29,9.02588,22329.6,0.15785,0.00303325,0.00799312,5.59605,0.138059,0.286012,0.622191,1.09867,0.316275,0.487563,91.7338
145,2342.17,5736.52,9.02714,22232.3,0.158037,0.00305457,0.00804943,5.56026,0.138069,0.285492,0.628821,1.08574,0.317671,0.488957,90.6868
146,2341.04,5777.61,9.03011,22332.9,0.158084,0.00300409,0.00795317,5.48926,0.139755,0.285437,0.630958,1.10491,0.314325,0.488092,93.6386
147,2342.9,5767.07,9.02882,22280.2,0.157313,0.00300169,0.00795053,5.60403,0.139136,0.287524,0.617447,1.12175,0.311386,0.488194,90.4989
148,2342.88,5749.42,9.03585,22297.4,0.158168,0.00300967,0.0079712,5.56317,0.13883,0.291114,0.618742,1.11104,0.313566,0.489569,93.4217
149,2342.11,5772.01,9.03743,22372.9,0.158474,0.00304205,0.00798807,5.5606,0.138361,0.28702,0.62077,1.09045,0.316218,0.490784,91.1852
150,2341.8,5775.47,9.03342,22370.7,0.158367,0.00302957,0.00798709,5.55768,0.138921,0.291866,0.624535,1.10757,0.318993,0.491522,91.4213
