ID,FOLDX,TPEAK,CPEAK,KALPHA,KBETA,FPERS
1,38177,8.0291,11415,0.41246,0.0010309,0.0092078
2,28486,15.696,15496,0.12824,0.0011286,0.0088133
3,12643,10.503,32897,0.16946,0.0026289,0.0077305
4,1668.2,6.2353,25270,0.090511,0.0021151,0.0079025
5,1429,14.939,32496,0.087945,0.0041225,0.011651
6,353.49,9.072,13678,0.079494,0.0063086,0.0037764
7,482320,15.217,37525,0.053191,0.0029246,0.0090769
8,680460,6.564,8504.1,0.15858,0.0015859,0.0095614
9,1623.3,13.082,24718,0.11149,0.0017955,0.012679
10,21553,5.6577,35261,0.12726,0.0092905,0.0051787
11,1748.6,10.931,11439,0.57444,0.0035404,0.0044195
12,3279.2,8.7477,24979,0.097211,0.0091585,0.0050351
13,901.07,6.6745,19232,0.58055,0.0013506,0.0061871
14,146.04,11.249,14207,0.099473,0.007199,0.0053794
15,40718,16.997,15940,0.20062,0.0038026,0.0088957
16,200.12,4.1804,11376,0.20779,0.0044262,0.0088676
17,397370,6.8376,12465,0.12773,0.0021427,0.0079182
18,3631.1,13.112,17384,0.083346,0.0014585,0.015888
19,27095,14.735,21194,0.050838,0.00099012,0.012886
20,12.392,6.9561,61727,0.17468,0.0010748,0.013155
21,1028.1,13.445,17402,0.47139,0.010046,0.0093991
22,23358,11.874,23362,0.40147,0.0032906,0.0029308
23,3239.5,11.164,19736,2.4056,0.0010181,0.0060144
24,1712,13.683,10004,0.068809,0.0076164,0.0082051
25,8033.1,4.6099,40420,0.077637,0.0024362,0.0081663
26,4348.1,6.0219,26292,0.29043,0.041839,0.016904
27,149770,10.485,21259,0.68762,0.0019063,0.010739
28,144540,5.0628,22939,0.096499,0.0016812,0.0065532
29,30318,9.9185,28091,0.1024,0.0222,0.0097523
30,59871,7.9063,32135,0.047909,0.0012097,0.015317
31,16860,6.9823,35076,0.25537,0.0045261,0.0074438
32,947.84,10.313,17355,0.058458,0.0016502,0.0096013
33,57209,7.1853,21705,0.16123,0.0059648,0.0043358
34,25.757,7.5287,37329,0.15889,0.00078109,0.024592
35,12961,14.626,20376,0.18445,0.0014663,0.0051284
36,13520,9.955,49505,0.12094,0.0042142,0.00907
37,795.52,9.3241,22931,0.14398,0.0026229,0.0091866
38,252080,10.553,20051,0.14274,0.0016574,0.014372
39,1056.6,9.9198,34979,0.086003,0.0043349,0.0067952
40,1966.5,6.2691,28973,0.50539,0.0045911,0.011382
41,1364.5,5.8062,19156,0.15068,0.019268,0.0081387
42,3340.3,20.535,15186,0.22152,0.0015043,0.003501
43,22289,10.276,14504,0.064225,0.0021733,0.0075016
44,501.22,4.8697,37146,0.094399,0.016224,0.0040539
45,95.531,7.537,22407,0.14408,0.00091739,0.021105
46,4281.3,7.6007,16360,0.67211,0.0022518,0.0037111
47,14149,6.2393,8583.8,0.24303,0.0025903,0.0057582
48,19610,11.787,21429,0.32982,0.0011908,0.012614
49,6424.1,9.549,28387,0.087585,0.0039335,0.0065007
50,33286,8.2642,20696,0.15587,0.004085,0.0063607
51,4969.6,7.6821,37917,0.10806,0.0021091,0.005112
52,1574,10.434,59907,0.17885,0.0015483,0.0065224
53,6757,6.3348,46225,0.054472,0.0018809,0.0062232
54,874.74,13.163,21433,0.056456,0.0015733,0.0085831
55,252890,18.231,9921.8,0.13201,0.0010323,0.011851
56,10174,9.615,60785,0.090345,0.0030428,0.0065394
57,11092,8.5121,14940,0.26632,0.027837,0.008615
58,383.17,7.0143,18202,0.29178,0.0044409,0.0079953
59,8895.9,4.8783,40019,0.20943,0.0041218,0.0087656
60,7162,8.7463,16423,0.25528,0.0049097,0.0074053
