ITER,OBJ,CLADC,V1ADC,KDEC,DTEXP,KKILL,TV0,CLADC~CLADC,V1ADC~V1ADC,KDEC~KDEC,DTEXP~DTEXP,KKILL~KKILL,TV0~TV0,SDTT,SDADC,SDTV,ESS
1,4242.28,0.0838496,0.0455133,0.257352,12.1458,0.00104618,142.118,1,1,1,1,1,1,0.242287,0.216886,0.227928,51.0061
2,4090.36,0.0881439,0.0422718,0.233299,12.3211,0.00103682,146.581,1,1,1,1,1,1,0.226238,0.189582,0.193937,27.6695
3,4063.65,0.0879576,0.0420836,0.205494,12.6408,0.00100497,152.122,1,1,1,1,1,1,0.211384,0.189854,0.188038,37.5181
4,4065.99,0.0877942,0.0398672,0.230697,13.5873,0.000946945,154.888,1,1,1,1,1,1,0.199034,0.182836,0.195687,43.647
5,4060.78,0.0882327,0.0416736,0.223996,13.2881,0.000875275,151,1,1,1,1,1,1,0.216406,0.165948,0.191288,52.1317
6,4030.7,0.0896845,0.0436837,0.209553,13.7536,0.000788759,150.51,1,1,1,1,1,1,0.208143,0.17892,0.182992,50.4852
7,3990.02,0.0899128,0.0415238,0.197591,13.1885,0.000772359,145.826,1,1,1,1,1,1,0.195302,0.180559,0.176853,49.3462
8,3996.5,0.0909195,0.041611,0.190846,13.5201,0.000733608,147.049,1,1,1,1,1,1,0.200945,0.192195,0.167732,47.4191
9,4077.29,0.0901962,0.0419541,0.1804,13.405,0.000729764,146.876,1,1,1,1,1,1,0.215382,0.181354,0.18087,50.7217
10,4037.73,0.091846,0.0434059,0.165551,13.0136,0.000726471,144.839,1,1,1,1,1,1,0.206898,0.17179,0.189,55.0751
11,3955.57,0.0910427,0.0434388,0.17762,13.3228,0.000783665,148.551,1,1,1,1,1,1,0.194988,0.158686,0.174368,51.6047
12,3983.06,0.0897952,0.0432402,0.193209,12.547,0.000874247,147.83,1,1,1,1,1,1,0.186114,0.162522,0.18052,42.6051
13,4018.48,0.0894449,0.0412532,0.187413,13.0063,0.000891591,146.839,1,1,1,1,1,1,0.190677,0.166436,0.185891,51.0057
14,3951.26,0.0913323,0.0410742,0.188601,12.5471,0.000891454,146.079,1,1,1,1,1,1,0.191944,0.161246,0.173048,52.6015
15,3899.19,0.0897813,0.0417522,0.19431,13.3954,0.000904906,147.709,1,1,1,1,1,1,0.179348,0.156172,0.167027,45.033
16,3926.03,0.0897516,0.0427379,0.202765,13.3992,0.000899847,148.729,1,1,1,1,1,1,0.171813,0.162403,0.165305,46.2941
17,3967.14,0.0903252,0.0433266,0.205773,12.8865,0.000876095,147.57,1,1,1,1,1,1,0.172733,0.169493,0.169976,50.3524
18,3922.32,0.0898282,0.0422097,0.183253,13.1244,0.000800264,145.597,1,1,1,1,1,1,0.168498,0.160194,0.162979,55.2584
19,3983.21,0.0913909,0.0430619,0.17716,13.6395,0.000707323,147.001,1,1,1,1,1,1,0.192192,0.163717,0.168289,48.3705
20,3935.85,0.0909027,0.0426622,0.162476,13.2,0.000672367,147.447,1,1,1,1,1,1,0.179385,0.168862,0.168511,52.8998
21,3937.97,0.0903562,0.0426706,0.175844,13.1179,0.000688515,146.766,1,1,1,1,1,1,0.17797,0.162726,0.163359,49.7066
22,3914.26,0.0905378,0.0439896,0.181488,12.9803,0.000697012,148.176,1,1,1,1,1,1,0.181392,0.148954,0.162703,48.8669
23,3907.62,0.0903478,0.0429579,0.173733,12.824,0.000699055,144.304,1,1,1,1,1,1,0.174344,0.151393,0.165321,47.7564
24,3906.24,0.0907355,0.0437149,0.16634,13.8494,0.000688074,148.78,1,1,1,1,1,1,0.168175,0.151378,0.164585,51.7871
25,3915.13,0.0899703,0.0432327,0.16256,12.7817,0.000728827,147.835,1,1,1,1,1,1,0.174133,0.15294,0.162162,52.8977
26,3934.4,0.0907047,0.0430508,0.161962,12.4195,0.000734799,145.221,1,1,1,1,1,1,0.176484,0.164142,0.159899,54.4688
27,3911.13,0.090674,0.0419279,0.167117,12.2174,0.000832069,147.967,1,1,1,1,1,1,0.1805,0.15413,0.157022,52.7818
28,3950.89,0.089967,0.0424167,0.165299,12.0822,0.000854191,146.667,1,1,1,1,1,1,0.182216,0.170239,0.157206,46.9718
29,3948.66,0.0897291,0.0426223,0.165714,12.1067,0.000887465,149.01,1,1,1,1,1,1,0.18202,0.167517,0.161718,54.0922
30,3902.42,0.0910428,0.0428252,0.173043,12.2299,0.000874067,148.876,0.242028,0.235132,0.616282,0.325511,0.776327,0.0759212,0.18022,0.157697,0.157274,50.4808
31,3704.06,0.0911582,0.043008,0.182603,11.4034,0.000975252,146.743,0.085203,0.0861695,0.437065,0.226443,0.562512,0.0631448,0.176255,0.152092,0.157762,25.6846
32,3607.22,0.0905085,0.0430775,0.201788,10.6656,0.00108213,145.733,0.0489377,0.056223,0.29214,0.152835,0.419957,0.0587411,0.16628,0.155329,0.154413,30.1373
33,3609.58,0.0898737,0.0433549,0.220697,10.2835,0.00123832,147.516,0.0420626,0.0365327,0.176994,0.127466,0.282836,0.0579983,0.173973,0.149334,0.156225,33.3803
34,3578,0.0899524,0.0438423,0.229741,10.3128,0.0013085,148.414,0.0388108,0.029688,0.144757,0.120114,0.19261,0.0538994,0.172874,0.147757,0.158577,48.3471
35,3539.39,0.0905541,0.0446296,0.225732,9.5559,0.00143243,150.221,0.0402663,0.0261108,0.128739,0.0721116,0.191745,0.0497796,0.167026,0.150793,0.15277,55.6362
36,3532.13,0.0904321,0.0446581,0.228636,9.09036,0.00158849,150.98,0.0404303,0.0288312,0.0953448,0.0546361,0.154995,0.048922,0.166472,0.147245,0.155604,54.1569
37,3517.01,0.0903453,0.0439905,0.232768,8.81401,0.00174064,152.597,0.0404288,0.0243554,0.075962,0.0455741,0.14226,0.0519798,0.166313,0.142958,0.152578,57.2544
38,3492.43,0.0901847,0.0439366,0.228141,8.8306,0.00178838,151.794,0.0404177,0.0254353,0.0621856,0.0470419,0.106761,0.0600319,0.163275,0.138852,0.151617,61.5465
39,3508.36,0.0902632,0.0437571,0.228433,8.77816,0.00176191,151.474,0.0401,0.0233294,0.0575382,0.0488778,0.11693,0.0558431,0.162377,0.13775,0.154684,67.7051
40,3513.52,0.0901214,0.0438668,0.227474,8.84996,0.00181779,152.372,0.0401301,0.0221546,0.0509346,0.0450131,0.0901535,0.0597901,0.163056,0.139605,0.158106,74.4672
41,3506.2,0.0900493,0.0437139,0.229901,8.76863,0.00181715,151.766,0.0397328,0.0276458,0.0533845,0.0456679,0.08233,0.0611057,0.165528,0.139857,0.150892,69.0718
42,3510.96,0.0901839,0.0439251,0.232408,8.74508,0.00180339,150.177,0.0403784,0.0274082,0.0507877,0.0398727,0.067983,0.055116,0.164335,0.143348,0.156383,74.1386
43,3486.31,0.0903935,0.0441622,0.232664,8.70634,0.00185253,151.112,0.0396624,0.0308206,0.0440424,0.0385975,0.0468673,0.0507026,0.162943,0.148497,0.150967,71.4934
44,3481.27,0.0901901,0.0436618,0.231296,8.69943,0.00183873,151.304,0.0389244,0.0251929,0.0445002,0.0320571,0.0464727,0.0510293,0.164019,0.140932,0.15258,68.5134
45,3488.55,0.0899564,0.0435984,0.232549,8.67754,0.00183135,151.353,0.0394991,0.0249692,0.0418821,0.0318731,0.057415,0.0543,0.16163,0.139927,0.153738,72.3909
46,3506.45,0.0898214,0.0435741,0.240124,8.50387,0.00184015,150.424,0.039261,0.0285961,0.0466494,0.0301912,0.0569713,0.0533394,0.172666,0.136749,0.151221,75.0188
47,3471.04,0.0898626,0.0434142,0.247703,8.55031,0.00187188,149.46,0.0386025,0.0254125,0.0382545,0.0293957,0.0485454,0.0519493,0.161793,0.141629,0.151112,79.1849
48,3483.25,0.089813,0.0435962,0.250894,8.49099,0.00191949,149.565,0.0397037,0.0242513,0.0338453,0.0301918,0.0509268,0.0507599,0.166315,0.141647,0.1511,67.0419
49,3470.23,0.089866,0.0430598,0.245182,8.50084,0.00195251,149.879,0.0404485,0.0251411,0.034261,0.03115,0.0471782,0.054207,0.161036,0.139516,0.1529,76.014
50,3479.47,0.0899839,0.0429545,0.244849,8.45001,0.00199015,151.58,0.0406195,0.0264888,0.0330732,0.0292484,0.0434055,0.0510665,0.16547,0.139228,0.151528,77.0644
51,3456.27,0.0901879,0.0432133,0.238915,8.3833,0.00200705,151.33,0.0403378,0.0248788,0.0333158,0.0259924,0.0331797,0.0577133,0.159217,0.139847,0.147908,72.4643
52,3464.5,0.0899988,0.0430868,0.236519,8.34721,0.00203622,153.053,0.0399112,0.0254885,0.0354666,0.024694,0.0314611,0.055178,0.156979,0.138947,0.148565,68.5438
53,3466.76,0.0896151,0.0431033,0.238851,8.31164,0.00203777,151.576,0.0400893,0.0247894,0.039324,0.0259966,0.0267035,0.0529353,0.159525,0.139431,0.150645,76.5271
54,3465.32,0.0900442,0.0438952,0.239581,8.33538,0.00203242,152.384,0.0408325,0.0234417,0.0386181,0.0238989,0.0263517,0.0523822,0.157847,0.14057,0.150083,79.5981
55,3455.98,0.0901715,0.0438018,0.244793,8.30249,0.00206251,152.416,0.0407062,0.0248125,0.0330045,0.0238125,0.0250765,0.0510619,0.162397,0.140362,0.149082,75.5143
56,3456.09,0.089816,0.0434444,0.249311,8.29356,0.00206458,152.045,0.040159,0.023031,0.0322562,0.0240008,0.0272628,0.0495708,0.158922,0.141514,0.149009,75.1667
57,3457.47,0.0898987,0.0435767,0.247652,8.25161,0.00207002,150.646,0.0399419,0.0232406,0.0299239,0.0242986,0.024478,0.0531347,0.163322,0.141237,0.148017,78.6579
58,3455.74,0.090005,0.0436969,0.251246,8.2822,0.00208544,151.136,0.0399757,0.0236899,0.0277279,0.0237665,0.0228315,0.0512318,0.160526,0.139589,0.150299,79.0479
59,3453.79,0.0900505,0.0438173,0.249988,8.26211,0.00210102,152.278,0.0409041,0.0225748,0.0255081,0.0243613,0.0208453,0.0518508,0.160651,0.138271,0.149002,82.4717
60,3448.6,0.0898759,0.0436802,0.250269,8.27651,0.00210344,151.802,0.0407422,0.0215724,0.024641,0.0247395,0.0188711,0.0499711,0.157828,0.138048,0.147827,80.1914
61,3453.85,0.0899911,0.0437469,0.251214,8.2524,0.00208891,151.521,0.0398379,0.0213085,0.0241656,0.0232404,0.0213223,0.0524457,0.15913,0.13872,0.148708,81.3069
62,3447.27,0.089891,0.0435868,0.251294,8.2808,0.00206894,151.323,0.0395273,0.0225998,0.0215408,0.0224813,0.0199013,0.049307,0.158064,0.13864,0.149267,88.4003
63,3447.65,0.0898305,0.0432187,0.25219,8.26647,0.00208616,151.257,0.0396685,0.0223329,0.0202482,0.0226986,0.0180247,0.0493125,0.160362,0.137133,0.148971,86.2197
64,3460.37,0.0896895,0.0432517,0.252414,8.22522,0.00209815,151.857,0.039862,0.0223581,0.0212703,0.0217118,0.0177191,0.0524674,0.161457,0.137671,0.149392,84.3521
65,3453.05,0.0899597,0.0434883,0.253355,8.21075,0.00211992,151.698,0.0400177,0.0221835,0.0197969,0.022592,0.0185806,0.0523648,0.158874,0.138301,0.148581,94.273
66,3447.28,0.0902259,0.0434439,0.253168,8.17292,0.00213737,152.111,0.0402512,0.0222616,0.0193592,0.0222684,0.0172234,0.0518893,0.158518,0.139079,0.147663,88.4806
67,3451.41,0.0897293,0.0434996,0.254297,8.15254,0.00214681,151.82,0.0400424,0.0226911,0.0193376,0.0226697,0.0168403,0.0503095,0.158766,0.137908,0.148823,90.3721
68,3447.84,0.089881,0.0435102,0.253487,8.1601,0.00214056,151.81,0.0397055,0.0225997,0.0190273,0.0223189,0.0158457,0.0506449,0.159125,0.138252,0.148395,92.0424
69,3442.22,0.0896827,0.0435502,0.254661,8.14713,0.00214579,151.731,0.0400918,0.0227268,0.0179157,0.0212961,0.0147197,0.0492509,0.157868,0.137402,0.148244,93.5448
70,3443.39,0.0898088,0.0436156,0.254605,8.16119,0.00215073,151.736,0.0406355,0.0223969,0.0174283,0.0223709,0.0141756,0.0494467,0.156265,0.138211,0.147307,94.9361
71,3446.18,0.0898606,0.0436872,0.253428,8.1489,0.00214242,151.851,0.0409067,0.022445,0.0169288,0.0223602,0.0138968,0.0502391,0.157156,0.138809,0.147546,98.707
72,3446.39,0.089887,0.04349,0.253863,8.15305,0.00214724,152.32,0.0404567,0.0221426,0.0161173,0.0218962,0.0136057,0.0507034,0.158121,0.138797,0.148253,102.965
73,3445.65,0.0899554,0.0434078,0.253789,8.14188,0.00215053,152.028,0.0400112,0.0221153,0.0155426,0.0217648,0.0130739,0.0502975,0.157722,0.136979,0.148996,101.21
74,3445.06,0.0896851,0.0436265,0.253888,8.13425,0.00215274,151.777,0.0406465,0.0224984,0.0150248,0.02198,0.0127161,0.0501385,0.156876,0.137832,0.148148,103.31
75,3444.92,0.0895948,0.0436376,0.253644,8.13388,0.0021529,151.864,0.0400452,0.022013,0.0144916,0.0220946,0.0122158,0.0496106,0.157229,0.137048,0.148694,103.095
76,3446.85,0.0897696,0.0435854,0.253655,8.12687,0.00215361,152.262,0.0398431,0.0222983,0.0143257,0.0220638,0.0120152,0.0493686,0.1582,0.137568,0.149384,104.276
77,3444.79,0.0899163,0.043612,0.253557,8.13119,0.0021584,152.109,0.0403221,0.0220236,0.014174,0.0218264,0.0117477,0.050294,0.159558,0.137889,0.148086,105.21
78,3445.15,0.0899879,0.0436194,0.254133,8.12118,0.0021657,152.195,0.0400554,0.0219176,0.0139219,0.0214541,0.0119241,0.0497975,0.158778,0.138768,0.148911,106.826
79,3444.54,0.0898621,0.043515,0.254616,8.12728,0.00216708,152.595,0.0399748,0.021274,0.0136088,0.0216473,0.0111115,0.0496715,0.159739,0.138246,0.14851,105.803
80,3445.92,0.0898685,0.0434996,0.255157,8.12049,0.00216442,152.291,0.0404383,0.0219907,0.0133815,0.0219417,0.0107893,0.0491177,0.158586,0.138455,0.148415,105.92
81,3446.67,0.0896955,0.0435244,0.255233,8.13713,0.00216686,152.495,0.0404193,0.0223847,0.0132582,0.0218783,0.0106598,0.0499299,0.158586,0.138325,0.148898,104.806
82,3443.76,0.0897612,0.0434853,0.255093,8.10902,0.00217322,152.32,0.0402037,0.0223742,0.0127658,0.0216083,0.0103711,0.0493594,0.156599,0.137682,0.148029,106.025
83,3443.1,0.0898597,0.0434642,0.254931,8.10569,0.00217202,151.935,0.0401482,0.0219687,0.0124014,0.021507,0.010263,0.0492209,0.157263,0.138553,0.148371,107.499
84,3444.69,0.0898783,0.0433838,0.255211,8.09528,0.00217526,152.238,0.0402629,0.0220187,0.0121818,0.0215013,0.00997341,0.0498675,0.158267,0.139563,0.148221,108.236
85,3444.69,0.0896875,0.0434135,0.255224,8.09371,0.00217535,152.088,0.039959,0.0221349,0.0119935,0.0213738,0.00979533,0.0498168,0.158696,0.137529,0.14864,106.451
86,3444.47,0.089893,0.0434614,0.255196,8.09951,0.00218038,152.181,0.0406476,0.0220602,0.0117763,0.0217217,0.00950311,0.0491411,0.158793,0.138069,0.148352,107.076
87,3445.21,0.0898779,0.0436272,0.255317,8.10311,0.00217657,152.46,0.0400849,0.0217685,0.011774,0.0215438,0.00944218,0.0497672,0.159676,0.137126,0.148247,105.204
88,3443.42,0.0900147,0.0436466,0.254881,8.10606,0.00217512,152.081,0.0401807,0.0217783,0.0114672,0.0219808,0.00938398,0.0498239,0.158025,0.138086,0.147806,108.283
89,3446.37,0.0899838,0.0436437,0.254659,8.09776,0.00217826,152.318,0.0404455,0.0227168,0.0111284,0.0217268,0.0095772,0.0499093,0.158563,0.138359,0.148888,108.366
90,3446.36,0.0898713,0.0436738,0.255124,8.09038,0.00218072,152.39,0.0400605,0.0227409,0.0109696,0.0214076,0.00960103,0.0498018,0.158869,0.139635,0.148798,105.797
91,3444.33,0.089721,0.0435721,0.254475,8.07797,0.00218397,152.39,0.0395656,0.0225335,0.0108134,0.0212343,0.00949359,0.0498726,0.15883,0.138684,0.148294,104.983
92,3444.79,0.0898101,0.0436474,0.254078,8.07755,0.00218434,152.252,0.0400721,0.0220567,0.010741,0.0209959,0.00940019,0.0500191,0.158178,0.138245,0.14894,105.452
93,3444.7,0.0898385,0.0435414,0.254089,8.08243,0.00218566,152.452,0.0406,0.022107,0.0107033,0.0209688,0.00934634,0.0496422,0.157846,0.139118,0.148587,107.682
94,3446.27,0.0896684,0.0434756,0.254337,8.06873,0.00218857,152.541,0.0403873,0.0219842,0.0105593,0.0214416,0.0095971,0.0493503,0.158631,0.137818,0.148824,104.697
95,3444.57,0.0899253,0.0435778,0.254521,8.07066,0.00218998,152.459,0.0401685,0.0219975,0.0102505,0.0212205,0.00974156,0.0493796,0.159545,0.137653,0.149015,107.221
96,3442.87,0.0900035,0.0436359,0.254536,8.08841,0.00218509,152.408,0.0400595,0.022011,0.0101034,0.0211069,0.00927078,0.0487296,0.158533,0.13749,0.148717,106.72
97,3444.44,0.0897962,0.0435703,0.254685,8.07691,0.00218472,152.236,0.0400057,0.0222825,0.00987998,0.0210075,0.00932655,0.0489558,0.158234,0.138139,0.149419,109.574
98,3443.72,0.0900197,0.0435364,0.254827,8.07708,0.00218319,152.186,0.040187,0.0223577,0.00983343,0.021305,0.00917962,0.0492734,0.159379,0.138067,0.148331,106.989
99,3444.85,0.0900012,0.043514,0.255063,8.08171,0.00218467,152.446,0.039798,0.0221393,0.00966126,0.0211424,0.00919035,0.0490816,0.158932,0.138439,0.148053,106.727
100,3444.75,0.0897829,0.0435534,0.254579,8.08136,0.00218637,152.437,0.0402715,0.0224466,0.00971317,0.0212374,0.00916023,0.0491871,0.158758,0.137237,0.148541,109.52
101,3445.1,0.0898363,0.0436344,0.254599,8.0827,0.00218387,152.377,0.0406063,0.0220384,0.00944004,0.0214318,0.00927219,0.0491505,0.158683,0.138247,0.148421,106.968
102,3444.53,0.0898467,0.0436002,0.254455,8.08321,0.0021845,152.383,0.0398603,0.02231,0.00937498,0.0216852,0.00917659,0.0489825,0.157271,0.137912,0.147719,108.171
103,3444.24,0.0897073,0.0434964,0.254432,8.07598,0.00218453,152.293,0.0406088,0.0218518,0.00922538,0.0219174,0.00892883,0.0498609,0.158043,0.138404,0.147725,108.604
104,3443.46,0.0898993,0.0435094,0.254458,8.08852,0.00218187,152.512,0.0397809,0.0220871,0.00889488,0.021703,0.00886551,0.0495187,0.157897,0.139569,0.14845,106.841
105,3445.33,0.0899808,0.0435174,0.254765,8.08589,0.00218132,152.276,0.0399698,0.0223731,0.00896821,0.021956,0.00875129,0.0499389,0.158817,0.138016,0.148784,109.925
106,3445.29,0.0898715,0.0435868,0.254914,8.09695,0.00217807,151.904,0.0401642,0.0228095,0.00901298,0.0222973,0.0087076,0.0499634,0.159207,0.138201,0.148544,105.995
107,3443.63,0.0895898,0.0434578,0.255013,8.09211,0.00217707,152.137,0.0402098,0.022658,0.00891757,0.0221193,0.00869449,0.0496489,0.157834,0.137993,0.147718,108.089
108,3444.85,0.0898736,0.0434558,0.254564,8.10994,0.00217745,152.377,0.0397563,0.0225584,0.00874093,0.0220686,0.00876123,0.0490001,0.159264,0.13882,0.148282,107.431
109,3444.56,0.0899041,0.0434786,0.254776,8.09992,0.0021799,152.243,0.039228,0.0219476,0.00873863,0.0225452,0.00873178,0.0485185,0.158674,0.139437,0.148117,108.004
110,3443.74,0.0899098,0.0435214,0.254355,8.09985,0.00217918,152.461,0.0394774,0.0220261,0.00884434,0.0220836,0.00876063,0.0488223,0.158417,0.138084,0.148903,107.647
111,3443.77,0.0898028,0.0434764,0.254404,8.09482,0.00217804,152.255,0.0404901,0.0215531,0.00866305,0.0218571,0.00873485,0.0489349,0.159209,0.137894,0.148771,107.132
112,3442.99,0.0898758,0.0434957,0.254385,8.10722,0.00217867,152.42,0.0396183,0.0213234,0.0085402,0.0220329,0.0085903,0.0488874,0.158708,0.139072,0.147984,109.909
113,3443.04,0.0898721,0.0434541,0.254406,8.11076,0.0021757,152.505,0.039648,0.0216404,0.00842197,0.0220087,0.00861583,0.0493759,0.160878,0.138165,0.148184,108.723
114,3443.43,0.0899427,0.0434744,0.254726,8.10129,0.00217442,152.202,0.0404585,0.0214283,0.00825004,0.0220935,0.00851929,0.049448,0.161252,0.137684,0.14857,110.713
115,3444.6,0.0897668,0.0435093,0.254929,8.0919,0.00217874,152.432,0.0405563,0.0211237,0.00824198,0.0217909,0.00866975,0.0498688,0.160321,0.13873,0.148611,106.771
116,3443.75,0.0896933,0.0435582,0.254984,8.0852,0.00217955,152.194,0.0400339,0.0216746,0.00813127,0.0215782,0.00862094,0.04866,0.15877,0.137855,0.148238,108.604
117,3445.53,0.0897881,0.0436283,0.255109,8.08116,0.00218497,152.336,0.0397812,0.0223221,0.00789664,0.0216904,0.00867917,0.0487664,0.160141,0.138287,0.148713,106.619
118,3444.61,0.0896121,0.0435746,0.255,8.07143,0.00218684,152.267,0.0399534,0.0217606,0.00789522,0.0213813,0.0089302,0.0487666,0.159269,0.138501,0.147497,107.13
119,3443.95,0.0898026,0.0436336,0.255181,8.07254,0.00218383,152.099,0.0395512,0.0219327,0.00780713,0.0213677,0.00870041,0.0488182,0.158558,0.138658,0.147747,109.038
120,3445.8,0.0898452,0.0435947,0.255227,8.07399,0.00218225,152.192,0.0398338,0.0215799,0.00772202,0.0216968,0.00888974,0.0500792,0.158515,0.139125,0.148714,109.119
121,3445.44,0.0898327,0.0435846,0.255529,8.10012,0.00218056,152.652,0.0399109,0.021978,0.00764175,0.0216512,0.00902786,0.0496501,0.156814,0.139133,0.148029,105.505
122,3445.26,0.0898926,0.0434715,0.255845,8.0877,0.00218143,152.201,0.0397101,0.022684,0.00774159,0.0217807,0.00924581,0.049258,0.156596,0.138308,0.148529,106.215
123,3445.41,0.0896671,0.0435469,0.25573,8.10235,0.00218258,152.227,0.0401699,0.022926,0.00757169,0.0217635,0.00927108,0.0499009,0.158283,0.13778,0.149407,108.997
124,3443.58,0.0898434,0.0435361,0.255347,8.08748,0.00218326,152.309,0.039753,0.0226183,0.00760642,0.0216122,0.00922292,0.0495277,0.157358,0.137676,0.148491,108.424
125,3443.55,0.0898204,0.0435138,0.256114,8.11633,0.00218041,152.353,0.039807,0.0225264,0.00770966,0.0220601,0.00901961,0.0491359,0.159702,0.137831,0.148493,110.852
126,3444.36,0.089766,0.0435724,0.256199,8.10599,0.00217975,152.283,0.0397505,0.0221901,0.00768429,0.0225654,0.00903924,0.0493491,0.15933,0.139201,0.147891,109.695
127,3444.12,0.0897986,0.0435506,0.256355,8.11407,0.00217478,152.443,0.0403248,0.0218588,0.0077478,0.0222949,0.00899946,0.0492689,0.158274,0.139723,0.14789,107.088
128,3444.67,0.0897815,0.0435304,0.256163,8.10946,0.00217765,152.24,0.0402879,0.0219208,0.00771173,0.0221007,0.00905832,0.0492559,0.158866,0.138767,0.148985,106.264
129,3443.75,0.0898224,0.0435424,0.256139,8.09821,0.00218142,152.296,0.04028,0.0218502,0.00756163,0.0216633,0.00906636,0.0494566,0.159524,0.138685,0.149497,108.102
130,3445.78,0.0898499,0.0435339,0.255988,8.09572,0.00218255,152.391,0.0400079,0.022218,0.00741255,0.0216419,0.00903702,0.0496614,0.15856,0.138642,0.149121,107.885
131,3443.63,0.0897739,0.0435978,0.256138,8.10852,0.00218101,152.345,0.0398359,0.0219951,0.00723631,0.0221401,0.00919137,0.050312,0.158186,0.138584,0.14779,104.22
132,3442.96,0.0899854,0.0436313,0.25622,8.10887,0.00217951,152.287,0.0399781,0.0221262,0.00691315,0.0221177,0.00914003,0.0493944,0.15864,0.138331,0.147967,109.36
133,3444.1,0.0898883,0.0434444,0.256554,8.11451,0.00217909,152.658,0.0397579,0.0215727,0.00701964,0.0219524,0.0092373,0.0487035,0.157353,0.139079,0.148415,109.238
134,3443.89,0.0899365,0.0433538,0.256735,8.10675,0.00217707,152.27,0.0396578,0.021845,0.00692853,0.0222717,0.00915872,0.0492172,0.159345,0.138255,0.148039,110.031
135,3447.4,0.0898544,0.0434053,0.256969,8.12734,0.00217331,152.12,0.0399754,0.022157,0.00713932,0.0225778,0.00890472,0.0490993,0.158548,0.1389,0.149023,107.064
136,3444.52,0.0898651,0.0434898,0.257063,8.12507,0.00216981,151.909,0.0401824,0.021921,0.00739975,0.0222298,0.00896824,0.0488855,0.159351,0.137953,0.148284,105.785
137,3444.91,0.0897876,0.0435283,0.256995,8.12178,0.00217282,152.267,0.0402797,0.0217491,0.00731321,0.022204,0.0092922,0.0501054,0.158894,0.13839,0.14872,107.34
138,3442.65,0.0896889,0.0434889,0.257237,8.12575,0.00217438,152.526,0.0399806,0.021548,0.00711803,0.0224006,0.00898459,0.0500346,0.160133,0.138449,0.14792,109.138
139,3443.85,0.0896655,0.0434843,0.256976,8.12453,0.00217644,152.392,0.0403399,0.0218398,0.00699882,0.0228108,0.00903956,0.0497998,0.15816,0.138136,0.148202,107.729
140,3443.3,0.0896468,0.0435047,0.256871,8.13417,0.00217161,152.062,0.0402267,0.0218913,0.00683921,0.0229319,0.00874673,0.0499172,0.158797,0.139277,0.148426,108.598
141,3443.91,0.0899339,0.0435279,0.256931,8.12424,0.00217476,152.477,0.0399842,0.0219275,0.00682061,0.0224002,0.00861899,0.0493934,0.158406,0.137869,0.14856,107.713
142,3446.7,0.0896075,0.0434828,0.256548,8.095,0.00217783,152.417,0.0401419,0.0222869,0.00675656,0.0222643,0.00863242,0.0491783,0.158166,0.137932,0.14872,105.403
143,3443.47,0.0899257,0.0435361,0.256954,8.11292,0.00217789,152.458,0.0398177,0.0228684,0.00672937,0.0217401,0.00856197,0.0489757,0.157547,0.137597,0.1484,106.643
144,3445.62,0.0898949,0.0436338,0.257118,8.11223,0.00217552,152.104,0.0402118,0.0228394,0.00663859,0.0222395,0.0086648,0.0491222,0.157715,0.138704,0.148703,110.434
145,3444.7,0.0897644,0.0435221,0.256666,8.10656,0.00217334,151.969,0.0404678,0.0224863,0.00664591,0.0220481,0.00886352,0.0494073,0.158411,0.138957,0.148815,106.382
146,3444.57,0.0896929,0.0435294,0.256906,8.1169,0.00217423,152.112,0.0395892,0.0219913,0.00679373,0.0217416,0.00901392,0.0493814,0.159435,0.139475,0.148864,108.223
147,3446.4,0.0898859,0.0434216,0.256828,8.11679,0.00217614,152.556,0.0401311,0.0221378,0.00677445,0.0220324,0.00908642,0.0498412,0.160992,0.139194,0.14893,108.734
148,3442.74,0.0898635,0.0434318,0.257148,8.12162,0.00217545,152.371,0.0399817,0.021802,0.00666212,0.0223558,0.00898909,0.0492665,0.158345,0.138181,0.148232,105.452
149,3443.18,0.0896622,0.0435547,0.256885,8.11498,0.00217245,152.143,0.0401685,0.0221593,0.00669553,0.022405,0.00907359,0.0489885,0.158341,0.137828,0.148417,109.014
150,3444.83,0.0898163,0.043666,0.256919,8.11445,0.00217187,152.128,0.0400128,0.0219023,0.00680505,0.0222373,0.00922798,0.0488598,0.157765,0.137766,0.149295,108.458
