ID,CLADC,V1ADC,KDEC,DTEXP,KKILL,TV0
1,0.093336,0.043519,0.25416,6.4285,0.0021732,168.2
2,0.09028,0.044426,0.25712,7.2478,0.002185,162.98
3,0.090497,0.044161,0.25812,7.4062,0.002153,272.57
4,0.091538,0.043332,0.25825,8.3676,0.0021473,168.49
5,0.088767,0.043916,0.25685,8.0893,0.0021511,153.61
6,0.089202,0.04474,0.25811,9.6195,0.0021339,100.18
7,0.087701,0.043096,0.2538,6.8216,0.0021849,148.5
8,0.087007,0.043456,0.25929,9.0642,0.0022132,126.97
9,0.10176,0.04055,0.25305,7.5416,0.0021701,205.71
10,0.094703,0.042982,0.25422,8.7689,0.0021656,137.57
11,0.066746,0.0471,0.2455,8.8939,0.0021744,140.68
12,0.086079,0.051546,0.26227,7.7823,0.0021556,163.04
13,0.054129,0.042147,0.26405,5.6227,0.0020837,104.74
14,0.11218,0.04728,0.25501,6.3736,0.0021374,106.41
15,0.10562,0.041051,0.26027,8.9372,0.0021989,158.69
16,0.096553,0.047744,0.26237,9.4379,0.0021872,153.81
17,0.078456,0.037323,0.24503,8.8322,0.0022424,122.06
18,0.069741,0.044736,0.25526,7.1663,0.0020938,145.54
19,0.09097,0.036669,0.26045,8.5417,0.0022609,148.69
20,0.070903,0.049013,0.2603,9.0484,0.002225,149.71
21,0.12048,0.037486,0.25381,8.6333,0.0021515,152.99
22,0.081454,0.044257,0.26401,7.5077,0.002103,161.13
23,0.081391,0.041361,0.25124,7.718,0.0021209,121.08
24,0.089683,0.044086,0.25344,9.1439,0.0022098,182.13
25,0.079614,0.052924,0.25857,8.1605,0.002186,150.01
26,0.11237,0.044616,0.2567,9.2696,0.0023183,162.24
27,0.09231,0.046374,0.25626,7.4617,0.0021596,143.18
28,0.066325,0.043,0.2406,8.8812,0.0021209,216.73
29,0.1167,0.043639,0.25681,8.7123,0.0021417,116.13
30,0.105,0.035539,0.25908,8.3992,0.0021245,159.66
31,0.096673,0.049477,0.249,10.372,0.0024833,163.31
32,0.098735,0.034589,0.25481,8.0586,0.0021284,187.59
33,0.079627,0.041545,0.25998,7.7196,0.002155,220.94
34,0.067905,0.044407,0.26371,7.6165,0.0021297,165.31
35,0.074786,0.050455,0.27062,7.4438,0.0020567,136.33
36,0.1143,0.043705,0.25504,9.8787,0.0023325,125.38
37,0.10735,0.034769,0.26128,6.9688,0.0019381,139.39
38,0.095958,0.055244,0.26763,8.7191,0.002069,145.6
39,0.11303,0.049663,0.25469,8.4993,0.0023327,209.19
40,0.10807,0.040727,0.25859,7.9673,0.0022466,123.22
