ID,GROUP,CLADC,V1ADC,KDEC,DTEXP,KKILL,TV0
1,0,0.124429,0.0425043,0.269257,6.30638,0.00193147,164.189
2,0,0.118602,0.0400004,0.293676,6.93013,0.00161351,154.281
3,0,0.0814718,0.0445835,0.263278,7.14033,0.00208634,280.926
4,0,0.116622,0.0433191,0.279316,9.42307,0.00252513,196.815
5,0,0.10892,0.0442225,0.197395,8.28882,0.00238921,157.362
6,0,0.170556,0.0383874,0.235586,9.00576,0.00198571,89.3028
7,0,0.0875827,0.0448433,0.177897,7.09046,0.00159966,163.561
8,0,0.0629883,0.0465217,0.250621,9.53357,0.00170106,129.354
9,0.3,0.100984,0.0414007,0.231155,7.45193,0.0015811,196.751
10,0.3,0.0965863,0.0404542,0.199478,8.51558,0.00210561,136.505
11,0.3,0.0702399,0.0524041,0.21274,8.58444,0.0022692,139.22
12,0.3,0.0877334,0.0554754,0.2562,8.27384,0.00165147,165.124
13,0.3,0.0551698,0.0374438,0.289319,5.60042,0.00204847,96.7741
14,0.3,0.110138,0.0479402,0.206692,6.54361,0.00161727,102.151
15,0.3,0.10384,0.038995,0.312009,9.33749,0.00191284,168.66
16,0.3,0.0928336,0.0438244,0.3253,9.50211,0.00211714,161.164
17,1,0.080433,0.0399603,0.251824,9.29843,0.00238101,124.827
18,1,0.0692837,0.0414098,0.273088,6.95291,0.00210188,139.469
19,1,0.0884703,0.0311068,0.277202,7.58995,0.00270321,148.341
20,1,0.0724323,0.0485821,0.227461,9.28753,0.00205783,148.009
21,1,0.115821,0.0361405,0.273001,9.37215,0.00194548,169.216
22,1,0.0826788,0.0435262,0.266715,7.86531,0.00197411,152.594
23,1,0.0836036,0.0397187,0.207014,8.26337,0.00184314,116.344
24,1,0.0907531,0.0434398,0.226068,8.20651,0.00238302,178.347
25,3,0.0824195,0.0568034,0.227439,7.86897,0.0023082,145.267
26,3,0.114685,0.0439489,0.252013,8.98123,0.00232125,156.184
27,3,0.0919936,0.0440993,0.210861,8.22833,0.00193489,148.591
28,3,0.0670424,0.0424721,0.221019,9.7612,0.00194617,225.263
29,3,0.118082,0.0458851,0.269782,9.2695,0.00201182,121.39
30,3,0.105746,0.0333282,0.223195,8.17524,0.001956,140.226
31,3,0.099251,0.0519897,0.222292,10.927,0.00256182,170.987
32,3,0.0987387,0.0371722,0.204707,7.92524,0.00191804,165.27
33,15,0.0811554,0.0466078,0.20701,6.81034,0.0022964,238.673
34,15,0.0675137,0.0437693,0.24986,8.09099,0.00199586,160.992
35,15,0.0730807,0.04763,0.259679,8.43708,0.00182225,143.505
36,15,0.114722,0.0422524,0.236894,9.45145,0.00235026,129.403
37,15,0.105753,0.0334745,0.236369,8.86069,0.00126388,103.775
38,15,0.0993077,0.0554719,0.248751,10.7621,0.0015788,118.928
39,15,0.112194,0.0499469,0.237762,9.82941,0.00199117,180.377
40,15,0.107234,0.0332345,0.206833,8.5467,0.00193204,116.215
