ID,GROUP,FOLDX,TPEAK,CPEAK,KALPHA,KBETA,FPERS
1,1,22952.6,7.6477,8264.22,0.368252,0.00107586,0.01426
2,1,31265.4,15.7007,14192.1,0.100395,0.000678233,0.008161
3,1,18125.7,10.0577,42061.7,0.181703,0.00263001,0.00611656
4,1,1835.48,8.0086,34535.6,0.127473,0.0055684,0.0126686
5,1,1595.59,14.4438,37133.1,0.0872897,0.00158799,0.00620201
6,1,321.686,8.83099,17393.8,0.0774772,0.00915524,0.00387229
7,1,758075,14.1187,27140.8,0.0393503,0.00269762,0.0141152
8,1,472334,6.83272,11577.3,0.1924,0.00371003,0.0108293
9,1,1398.1,13.7075,32751.4,0.125876,0.00271412,0.012634
10,1,60848,5.04933,38344.2,0.111727,0.0074502,0.00256875
11,1,992.709,11.1382,8525.06,0.484757,0.00177841,0.00431633
12,1,1971.6,9.09028,21805.1,0.10177,0.0094843,0.00739897
13,1,2048.11,6.10854,19690.7,0.484185,0.0025334,0.00711283
14,1,84.3309,11.1904,12063,0.0962167,0.00240298,0.0029278
15,1,37003.3,15.8223,15731.1,0.223712,0.0040079,0.014168
16,1,62.633,5.67788,9883.2,0.226681,0.00934208,0.0194928
17,1,246557,6.91823,14100.3,0.146723,0.00243052,0.00617784
18,1,6666.98,13.4562,17235.3,0.0780349,0.00138753,0.0136313
19,1,37605.8,13.6888,21328.7,0.0442749,0.00108621,0.00971456
20,1,21.9066,6.47518,62317.2,0.164095,0.000695855,0.015997
21,1,418.665,12.2385,16889.3,0.343742,0.00676743,0.00614347
22,1,34454.3,11.2109,19038.6,0.402879,0.00413234,0.0036639
23,1,4952.9,11.8198,30428.8,3.116,0.00133768,0.00446426
24,1,2647.7,12.3743,9618.03,0.0906099,0.0061108,0.00731435
25,1,8230.11,4.79482,47310.9,0.0885479,0.00218839,0.00577226
26,1,2732.69,6.16948,32789.8,0.300712,0.0433285,0.01481
27,1,154418,10.6586,25337.9,0.742061,0.002928,0.0105841
28,1,169924,5.11,23431.8,0.0948569,0.000999908,0.00504908
29,1,16429.7,9.34999,21085.3,0.0682895,0.0191123,0.00545172
30,1,23290.2,7.60682,27943.3,0.0389897,0.000881929,0.0168858
31,1,39425.6,6.99413,38755.4,0.308279,0.00769606,0.0110316
32,1,842.225,10.0633,19450,0.047708,0.00330307,0.0119409
33,1,53144.6,7.37566,20941.2,0.174763,0.00345252,0.00309127
34,1,16.5548,5.58297,35567.7,0.168954,0.00071464,0.027857
35,1,9613.2,16.0571,25965.2,0.245149,0.00140802,0.00306567
36,1,2589.51,11.2513,42350.7,0.115432,0.00194335,0.00923669
37,1,682.815,10.2414,30669,0.191829,0.00380988,0.00620433
38,1,386964,9.85814,20385.1,0.141647,0.0032403,0.0227513
39,1,975.499,9.99687,49314,0.0915946,0.0067811,0.00546639
40,1,896.229,5.73713,15860.7,0.36044,0.00409862,0.0189536
41,1,814.252,5.84771,15584.4,0.139533,0.0197887,0.0111398
42,1,2300.1,20.3023,17458.6,0.17993,0.00114564,0.00165012
43,1,8349.19,10.5811,17104.4,0.0801775,0.00203857,0.00537385
44,1,1080.84,4.3599,31854.1,0.10653,0.0167835,0.00598772
45,1,42.3631,10.944,22806.2,0.119043,0.000882714,0.0144488
46,1,2156.81,7.48791,10639.1,0.577529,0.00247321,0.00471295
47,1,132765,6.1616,14136.4,0.362517,0.00140666,0.00328072
48,1,18018.7,11.8133,25969,0.322762,0.00201559,0.0105451
49,1,6108.19,9.70189,31072.2,0.0899098,0.00800276,0.0101874
50,1,67853.3,8.19454,25198.3,0.219828,0.00502574,0.00409261
51,1,5822.31,7.24628,47409.7,0.147201,0.00416801,0.00889143
52,1,2121.69,10.5332,58823.9,0.19629,0.000449243,0.00641624
53,1,5220.44,6.79941,58128.1,0.0575289,0.00296134,0.00465536
54,1,1273.12,11.7058,25599.9,0.0616225,0.00154524,0.00736528
55,1,50330,17.5042,3674.84,0.114537,0.00143472,0.0329851
56,1,13436.9,9.08771,48260.5,0.0641793,0.00692125,0.0102382
57,1,25778.3,9.22834,18113.7,0.383942,0.0299279,0.0105397
58,1,342.755,6.36212,13780.8,0.235246,0.00394042,0.00985146
59,1,7573.65,5.10826,46487.5,0.239021,0.00278592,0.00601237
60,1,21967.9,9.02267,27028.2,0.301387,0.00537426,0.00399083
