ID,GROUP,CLMPL,VMPL,KCOUT,IC50MC,KINL,KBE,IC50CL,IC50ML,KT,IC50MW
1,30,23.9711,66.105,0.291857,5.34342,1096.66,0.486034,121.121,6.91779,0.27129,4.40962
2,30,25.0291,84.788,0.327542,6.99193,1663.79,0.239431,115.38,53.7842,0.656816,0.814813
3,30,26.6927,81.4497,0.296534,18.7912,2076.65,0.337251,106.273,23.2964,0.865195,1.58036
4,30,21.0712,73.3893,0.276525,0.203288,1576.39,0.374119,99.7497,19.3972,0.255296,0.688691
5,30,21.7408,84.0235,0.255444,1.03485,1212.83,0.34724,94.5232,6.14386,0.105083,2.81751
6,30,23.3676,65.2629,0.289288,1.00546,1125.44,0.46775,90.3329,23.0049,0.149044,4.75406
7,30,22.5592,99.7209,0.260952,0.19209,1273.73,0.189488,68.069,13.9327,0.133615,1.09422
8,30,20.7949,72.1688,0.308013,2.91996,1168.77,0.336997,79.3199,71.5486,0.0350994,0.50758
9,30,23.3787,66.03,0.339807,1.09168,1645.06,0.277109,49.7855,46.1754,0.0716219,0.783268
10,30,21.928,86.2802,0.36377,1.12497,1435.29,0.230946,99.8314,101.44,0.0178078,0.419071
11,30,21.8809,98.0418,0.320148,0.548809,1229.81,0.305373,58.3634,8.00579,1.06638,0.653972
12,30,19.7538,82.2421,0.256111,2.27775,1660.53,0.265763,128.729,6.47353,0.224302,0.622922
13,30,25.6739,85.5975,0.311041,6.70808,1691.92,0.225318,96.6479,9.93854,0.180338,0.95753
14,30,21.5506,76.2971,0.271437,1.58793,1112.85,0.208255,81.5487,22.6909,0.407879,0.824267
15,30,24.7592,66.8236,0.319775,1.03794,1091.65,0.396325,76.9935,75.9959,0.147201,0.559405
16,30,19.0091,86.0551,0.302892,2.19855,965.507,0.209861,85.725,13.0562,0.176,0.829681
17,30,24.3469,74.2378,0.39993,2.59532,1343.22,0.202571,121.57,27.6635,0.222564,2.78811
18,30,24.5337,74.5603,0.323624,2.15244,1752.33,0.313915,53.165,16.92,0.421219,0.642827
19,30,23.6449,79.1409,0.325875,4.51892,819.022,0.356738,75.4786,7.85314,0.0778273,0.291853
20,30,20.5636,88.9965,0.260944,0.229594,1257.4,0.13601,75.0324,6.70853,0.159679,0.256517
21,30,23.159,73.9087,0.25145,8.29697,900.061,0.246333,163.664,12.5739,0.2683,1.0959
22,30,22.0761,75.9978,0.305719,1.75815,1551.58,0.264426,124.823,7.08494,0.155117,1.02394
23,30,18.728,79.6494,0.239299,0.689838,1910.76,0.434369,84.7304,54.6044,0.382883,0.232546
24,30,21.0218,69.9177,0.329238,0.635808,1322.24,0.274557,73.4353,12.5544,0.0633632,2.77632
25,0,20.2281,77.9659,0.30287,0.798934,1168.14,0.384825,193.24,87.8567,0.182923,2.79702
26,0,21.9166,83.6317,0.285808,0.348864,797.083,0.328099,89.539,24.7544,0.168003,0.928256
27,0,22.6542,78.2619,0.284869,1.77009,765.607,0.358084,80.7902,26.1256,0.323013,2.58835
28,0,20.0744,73.0148,0.26782,1.51197,453.542,0.156837,83.2934,23.6412,0.296244,0.145003
29,0,25.3502,84.0114,0.381045,1.73203,1330.33,0.247128,97.5514,24.8587,0.450687,2.17317
30,0,23.4686,77.0679,0.26669,1.05073,1031.19,0.440123,86.3746,98.6515,0.198479,2.50194
31,0,20.5115,65.5915,0.213517,2.61548,1043.96,0.194378,94.6992,25.2888,0.736574,2.37538
32,0,23.607,65.4158,0.336382,2.91518,837.529,0.241857,118.48,24.3747,0.200328,0.478295
