ID,GROUP,CL,V1,Tout12,Imax,BASE,IC50,HILL
1,100,2.87578,39.7705,5.72136,0.783112,26.0077,2.87865,1.46168
2,100,3.20761,34.0003,5.6265,0.913546,23.7268,4.04658,1.59563
3,100,2.65896,44.5609,4.42135,0.609591,20.852,1.56509,1.42234
4,100,3.30816,52.3148,4.83843,0.904434,19.8451,1.55776,1.21858
5,100,7.13807,40.2441,4.6488,0.89835,16.4521,3.732,1.74859
6,100,4.07889,29.1245,5.23964,0.796025,15.4499,3.82111,1.34394
7,100,4.23757,36.6485,4.20909,0.720267,17.9568,4.5435,1.81237
8,100,1.9446,46.4017,7.92113,0.798475,18.5678,4.21165,1.60147
9,100,5.68398,39.6997,8.04773,0.871924,20.0666,4.04457,1.31597
10,100,3.94299,51.9569,3.70317,0.842852,17.6335,6.95111,1.39521
11,300,4.39541,38.8,6.86751,0.817294,29.5283,5.04412,1.35352
12,300,3.7151,39.8424,4.55432,0.77897,17.1346,3.49081,1.53662
13,300,3.18126,34.2174,3.83954,0.890929,22.6632,2.55443,1.44775
14,300,2.10648,35.2432,6.95158,0.858576,14.2325,5.10046,1.53455
15,300,2.98736,44.3579,6.29635,0.820472,18.5954,4.03564,1.28874
16,300,4.0383,55.0174,6.26668,0.869037,17.7708,4.42176,1.58521
17,300,1.67281,46.7974,4.60723,0.81543,12.4868,3.41355,1.59724
18,300,6.27742,52.6892,6.10339,0.898817,24.8498,3.21363,1.40017
19,300,5.1739,37.2139,5.30433,0.893792,20.7637,6.77391,1.70779
20,300,4.22374,19.8819,5.5868,0.864658,33.774,3.03198,1.51247
21,1000,2.17048,30.6504,5.22734,0.806832,17.2119,4.65677,1.75482
22,1000,2.20226,52.2632,6.11943,0.907968,31.6015,3.12434,1.48828
23,1000,2.36693,41.1277,3.86715,0.901315,20.749,5.61856,1.58014
24,1000,4.47,37.2259,8.2552,0.716175,11.8251,3.51456,1.6389
25,1000,5.089,40.8769,6.12882,0.877951,15.6708,3.52318,1.51086
26,1000,2.69192,41.6592,5.8157,0.8544,18.5817,6.22633,1.50947
27,1000,2.64114,28.7067,4.89456,0.837142,14.603,2.20575,1.55902
28,1000,4.35924,36.355,4.23928,0.795798,13.4605,2.90842,1.60821
29,1000,3.10057,36.7011,7.6927,0.933336,16.2966,5.27288,1.57115
30,1000,2.90658,35.4673,5.26348,0.595292,30.4158,1.70251,1.4123
