ID,GROUP,CLP,SIGMA1,SIGMA2,KSS,KSYN
1,0.5,0.00543481,0.951503,0.515129,1.48575,0.255512
2,0.5,0.00671744,0.953063,0.514684,1.36827,0.577443
3,0.5,0.0083307,0.952332,0.505011,0.713388,0.272981
4,0.5,0.00607621,0.953776,0.531646,1.00412,0.388272
5,0.5,0.0142101,0.950683,0.55014,1.20538,0.412779
6,0.5,0.00814808,0.944884,0.525298,1.92267,0.542408
7,0.5,0.00714364,0.942618,0.541266,0.93006,0.340941
8,0.5,0.00579843,0.961048,0.477115,0.806233,0.215713
9,0.5,0.00748225,0.949956,0.510608,1.23066,0.508324
10,0.5,0.00663912,0.949763,0.506422,0.956127,0.478195
11,0.5,0.00710627,0.952216,0.556065,0.818751,0.282237
12,0.5,0.00706414,0.952148,0.492155,0.600833,0.394172
13,2,0.00479683,0.949524,0.516247,1.73112,0.288108
14,2,0.00595793,0.955378,0.503703,1.59362,0.43354
15,2,0.0044921,0.946881,0.48461,1.33106,0.488891
16,2,0.00516895,0.951776,0.48425,0.873806,0.636408
17,2,0.00750429,0.954699,0.57292,1.58024,0.641903
18,2,0.00890033,0.95597,0.488846,0.914671,0.216277
19,2,0.00696924,0.941047,0.484813,1.31005,0.535933
20,2,0.00424786,0.953288,0.501907,0.838199,0.427283
21,2,0.00823266,0.94949,0.468917,0.856042,0.528154
22,2,0.0041663,0.957128,0.526783,1.05894,0.257448
23,2,0.00506812,0.942195,0.54884,0.962495,0.360669
24,2,0.010366,0.948225,0.507669,1.4227,0.453495
25,8,0.00902901,0.951789,0.495876,0.777653,0.304467
26,8,0.00730072,0.947532,0.464626,1.32389,0.35359
27,8,0.00926146,0.954117,0.490747,0.933356,0.406943
28,8,0.00533459,0.937086,0.505388,1.03754,0.366086
29,8,0.00634763,0.954095,0.500607,1.27958,0.388602
30,8,0.00993055,0.949995,0.524157,0.68994,0.41258
31,8,0.00661761,0.944503,0.522157,0.777509,0.303377
32,8,0.00730484,0.946999,0.542865,0.986313,0.254929
33,8,0.00851052,0.949224,0.520759,0.66972,0.219146
34,8,0.00721203,0.945358,0.508928,1.2345,0.394376
35,8,0.00829716,0.953146,0.531481,0.674252,0.269111
36,8,0.00831671,0.952588,0.517046,1.11466,0.543756
37,20,0.00991351,0.953749,0.501455,1.16119,0.310286
38,20,0.00472649,0.945391,0.506084,2.4702,0.468381
39,20,0.00933845,0.946996,0.461452,0.747483,0.377665
40,20,0.0065437,0.950687,0.509865,0.658457,0.314435
41,20,0.00727416,0.957122,0.547633,0.681549,0.449608
42,20,0.00779779,0.943545,0.527336,0.879171,0.354862
43,20,0.00984359,0.953041,0.515066,0.863736,0.517917
44,20,0.00707391,0.952514,0.516676,0.570887,0.401082
45,20,0.00572871,0.940939,0.511029,0.87758,0.409376
46,20,0.00293524,0.953054,0.519578,0.843145,0.534618
47,20,0.00965239,0.957261,0.537729,0.584727,0.193313
48,20,0.00777715,0.955446,0.528793,0.64931,0.236392
