ID,TIME,DV,AMT,RATE,EVID,MDV,CMT
1,0,0,1,0,1,1,1
1,0,0,10,0,1,1,2
1,0,0,100,0,1,1,3
1,0,0,1000,0,1,1,4
1,0,0,10000,0,1,1,5
1,0,0,1e+05,0,1,1,6
1,0.5,81.066,0,0,0,0,1
1,0.5,96.283,0,0,0,0,2
1,0.5,85.985,0,0,0,0,3
1,0.5,100.62,0,0,0,0,4
1,0.5,88.074,0,0,0,0,5
1,0.5,109.61,0,0,0,0,6
1,1,95.595,0,0,0,0,1
1,1,91.771,0,0,0,0,2
1,1,87.535,0,0,0,0,3
1,1,78.662,0,0,0,0,4
1,1,99.504,0,0,0,0,5
1,1,105.85,0,0,0,0,6
1,2,93.181,0,0,0,0,1
1,2,99.532,0,0,0,0,2
1,2,77.016,0,0,0,0,3
1,2,71.738,0,0,0,0,4
1,2,97.086,0,0,0,0,5
1,2,104.2,0,0,0,0,6
1,4,94.361,0,0,0,0,1
1,4,84.394,0,0,0,0,2
1,4,62.384,0,0,0,0,3
1,4,50.679,0,0,0,0,4
1,4,76.313,0,0,0,0,5
1,4,79.183,0,0,0,0,6
1,8,91.015,0,0,0,0,1
1,8,70.847,0,0,0,0,2
1,8,43.263,0,0,0,0,3
1,8,42.844,0,0,0,0,4
1,8,65.285,0,0,0,0,5
1,8,107.34,0,0,0,0,6
1,16,87.518,0,0,0,0,1
1,16,66.757,0,0,0,0,2
1,16,22.397,0,0,0,0,3
1,16,19.766,0,0,0,0,4
1,16,57.186,0,0,0,0,5
1,16,102.55,0,0,0,0,6
1,24,103.44,0,0,0,0,1
1,24,60.887,0,0,0,0,2
1,24,24.736,0,0,0,0,3
1,24,21.665,0,0,0,0,4
1,24,51.104,0,0,0,0,5
1,24,88.152,0,0,0,0,6
2,0,0,1,0,1,1,1
2,0,0,10,0,1,1,2
2,0,0,100,0,1,1,3
2,0,0,1000,0,1,1,4
2,0,0,10000,0,1,1,5
2,0,0,1e+05,0,1,1,6
2,0.5,123.45,0,0,0,0,1
2,0.5,108.55,0,0,0,0,2
2,0.5,94.385,0,0,0,0,3
2,0.5,96.714,0,0,0,0,4
2,0.5,103.22,0,0,0,0,5
2,0.5,88.717,0,0,0,0,6
2,1,95.325,0,0,0,0,1
2,1,107.46,0,0,0,0,2
2,1,97.206,0,0,0,0,3
2,1,100.13,0,0,0,0,4
2,1,74.051,0,0,0,0,5
2,1,95.134,0,0,0,0,6
2,2,102.08,0,0,0,0,1
2,2,98.853,0,0,0,0,2
2,2,77.755,0,0,0,0,3
2,2,63.91,0,0,0,0,4
2,2,70.582,0,0,0,0,5
2,2,86.827,0,0,0,0,6
2,4,108.56,0,0,0,0,1
2,4,84.597,0,0,0,0,2
2,4,56.342,0,0,0,0,3
2,4,43.509,0,0,0,0,4
2,4,86.853,0,0,0,0,5
2,4,106,0,0,0,0,6
2,8,82.397,0,0,0,0,1
2,8,68.057,0,0,0,0,2
2,8,30.861,0,0,0,0,3
2,8,22.568,0,0,0,0,4
2,8,68.735,0,0,0,0,5
2,8,93.699,0,0,0,0,6
2,16,93.353,0,0,0,0,1
2,16,59.884,0,0,0,0,2
2,16,19.817,0,0,0,0,3
2,16,12.868,0,0,0,0,4
2,16,49.754,0,0,0,0,5
2,16,106.82,0,0,0,0,6
2,24,91.84,0,0,0,0,1
2,24,59.001,0,0,0,0,2
2,24,18.322,0,0,0,0,3
2,24,16.394,0,0,0,0,4
2,24,47.158,0,0,0,0,5
2,24,83.407,0,0,0,0,6
3,0,0,1,0,1,1,1
3,0,0,10,0,1,1,2
3,0,0,100,0,1,1,3
3,0,0,1000,0,1,1,4
3,0,0,10000,0,1,1,5
3,0,0,1e+05,0,1,1,6
3,0.5,85.943,0,0,0,0,1
3,0.5,102.6,0,0,0,0,2
3,0.5,90.2,0,0,0,0,3
3,0.5,113.08,0,0,0,0,4
3,0.5,85.994,0,0,0,0,5
3,0.5,112.05,0,0,0,0,6
3,1,84.725,0,0,0,0,1
3,1,94.557,0,0,0,0,2
3,1,79.266,0,0,0,0,3
3,1,72.859,0,0,0,0,4
3,1,95.691,0,0,0,0,5
3,1,98.269,0,0,0,0,6
3,2,108.29,0,0,0,0,1
3,2,103.19,0,0,0,0,2
3,2,83.352,0,0,0,0,3
3,2,71.995,0,0,0,0,4
3,2,83.739,0,0,0,0,5
3,2,101.73,0,0,0,0,6
3,4,89.722,0,0,0,0,1
3,4,101.47,0,0,0,0,2
3,4,64.218,0,0,0,0,3
3,4,54.641,0,0,0,0,4
3,4,85.002,0,0,0,0,5
3,4,77.431,0,0,0,0,6
3,8,104.99,0,0,0,0,1
3,8,81.151,0,0,0,0,2
3,8,36.588,0,0,0,0,3
3,8,49.375,0,0,0,0,4
3,8,77.069,0,0,0,0,5
3,8,114.01,0,0,0,0,6
3,16,91.538,0,0,0,0,1
3,16,74.795,0,0,0,0,2
3,16,31.24,0,0,0,0,3
3,16,28.186,0,0,0,0,4
3,16,54.787,0,0,0,0,5
3,16,103.77,0,0,0,0,6
3,24,88.568,0,0,0,0,1
3,24,66.027,0,0,0,0,2
3,24,27.204,0,0,0,0,3
3,24,30.228,0,0,0,0,4
3,24,54.464,0,0,0,0,5
3,24,114.3,0,0,0,0,6
4,0,0,1,0,1,1,1
4,0,0,10,0,1,1,2
4,0,0,100,0,1,1,3
4,0,0,1000,0,1,1,4
4,0,0,10000,0,1,1,5
4,0,0,1e+05,0,1,1,6
4,0.5,96.612,0,0,0,0,1
4,0.5,110.88,0,0,0,0,2
4,0.5,74.087,0,0,0,0,3
4,0.5,95.519,0,0,0,0,4
4,0.5,94.954,0,0,0,0,5
4,0.5,103.38,0,0,0,0,6
4,1,97.239,0,0,0,0,1
4,1,94.484,0,0,0,0,2
4,1,89.229,0,0,0,0,3
4,1,65.94,0,0,0,0,4
4,1,93.591,0,0,0,0,5
4,1,104.74,0,0,0,0,6
4,2,102.72,0,0,0,0,1
4,2,93.652,0,0,0,0,2
4,2,69.074,0,0,0,0,3
4,2,61.927,0,0,0,0,4
4,2,91.953,0,0,0,0,5
4,2,125.1,0,0,0,0,6
4,4,86.7,0,0,0,0,1
4,4,93.782,0,0,0,0,2
4,4,46.965,0,0,0,0,3
4,4,50.321,0,0,0,0,4
4,4,81.103,0,0,0,0,5
4,4,96.951,0,0,0,0,6
4,8,104.13,0,0,0,0,1
4,8,87.891,0,0,0,0,2
4,8,38.291,0,0,0,0,3
4,8,26.827,0,0,0,0,4
4,8,67.109,0,0,0,0,5
4,8,102.03,0,0,0,0,6
4,16,85.452,0,0,0,0,1
4,16,64.39,0,0,0,0,2
4,16,18.658,0,0,0,0,3
4,16,15.731,0,0,0,0,4
4,16,49.327,0,0,0,0,5
4,16,90.428,0,0,0,0,6
4,24,97.266,0,0,0,0,1
4,24,56.892,0,0,0,0,2
4,24,14.271,0,0,0,0,3
4,24,8.9332,0,0,0,0,4
4,24,35.068,0,0,0,0,5
4,24,83.385,0,0,0,0,6
5,0,0,1,0,1,1,1
5,0,0,10,0,1,1,2
5,0,0,100,0,1,1,3
5,0,0,1000,0,1,1,4
5,0,0,10000,0,1,1,5
5,0,0,1e+05,0,1,1,6
5,0.5,94.347,0,0,0,0,1
5,0.5,108.62,0,0,0,0,2
5,0.5,88.488,0,0,0,0,3
5,0.5,86.102,0,0,0,0,4
5,0.5,104.7,0,0,0,0,5
5,0.5,101.84,0,0,0,0,6
5,1,89.213,0,0,0,0,1
5,1,103.53,0,0,0,0,2
5,1,74.835,0,0,0,0,3
5,1,80.387,0,0,0,0,4
5,1,92.497,0,0,0,0,5
5,1,91.426,0,0,0,0,6
5,2,101.4,0,0,0,0,1
5,2,86.602,0,0,0,0,2
5,2,54.936,0,0,0,0,3
5,2,51.78,0,0,0,0,4
5,2,78.628,0,0,0,0,5
5,2,111.86,0,0,0,0,6
5,4,115.12,0,0,0,0,1
5,4,85.393,0,0,0,0,2
5,4,49.037,0,0,0,0,3
5,4,37.064,0,0,0,0,4
5,4,56.622,0,0,0,0,5
5,4,110.64,0,0,0,0,6
5,8,98.934,0,0,0,0,1
5,8,86.927,0,0,0,0,2
5,8,25.943,0,0,0,0,3
5,8,22.374,0,0,0,0,4
5,8,59.378,0,0,0,0,5
5,8,93.301,0,0,0,0,6
5,16,96.115,0,0,0,0,1
5,16,52.177,0,0,0,0,2
5,16,11.968,0,0,0,0,3
5,16,15.647,0,0,0,0,4
5,16,39.413,0,0,0,0,5
5,16,79.512,0,0,0,0,6
5,24,92.667,0,0,0,0,1
5,24,47.65,0,0,0,0,2
5,24,13.917,0,0,0,0,3
5,24,9.7941,0,0,0,0,4
5,24,36.59,0,0,0,0,5
5,24,100.76,0,0,0,0,6
6,0,0,1,0,1,1,1
6,0,0,10,0,1,1,2
6,0,0,100,0,1,1,3
6,0,0,1000,0,1,1,4
6,0,0,10000,0,1,1,5
6,0,0,1e+05,0,1,1,6
6,0.5,100.01,0,0,0,0,1
6,0.5,83.969,0,0,0,0,2
6,0.5,99.376,0,0,0,0,3
6,0.5,79.799,0,0,0,0,4
6,0.5,90,0,0,0,0,5
6,0.5,88.533,0,0,0,0,6
6,1,92.599,0,0,0,0,1
6,1,88.028,0,0,0,0,2
6,1,78.109,0,0,0,0,3
6,1,88.749,0,0,0,0,4
6,1,91.622,0,0,0,0,5
6,1,103.36,0,0,0,0,6
6,2,67.12,0,0,0,0,1
6,2,83.67,0,0,0,0,2
6,2,92.077,0,0,0,0,3
6,2,80.414,0,0,0,0,4
6,2,85.851,0,0,0,0,5
6,2,104.9,0,0,0,0,6
6,4,95.513,0,0,0,0,1
6,4,85.787,0,0,0,0,2
6,4,74.065,0,0,0,0,3
6,4,62.604,0,0,0,0,4
6,4,87.323,0,0,0,0,5
6,4,91.248,0,0,0,0,6
6,8,86.028,0,0,0,0,1
6,8,88.511,0,0,0,0,2
6,8,39.694,0,0,0,0,3
6,8,35.959,0,0,0,0,4
6,8,66.342,0,0,0,0,5
6,8,83.669,0,0,0,0,6
6,16,100.91,0,0,0,0,1
6,16,76.054,0,0,0,0,2
6,16,31.544,0,0,0,0,3
6,16,34.936,0,0,0,0,4
6,16,61.832,0,0,0,0,5
6,16,93.397,0,0,0,0,6
6,24,84.08,0,0,0,0,1
6,24,65.412,0,0,0,0,2
6,24,32.294,0,0,0,0,3
6,24,29.446,0,0,0,0,4
6,24,43.471,0,0,0,0,5
6,24,92.005,0,0,0,0,6
7,0,0,1,0,1,1,1
7,0,0,10,0,1,1,2
7,0,0,100,0,1,1,3
7,0,0,1000,0,1,1,4
7,0,0,10000,0,1,1,5
7,0,0,1e+05,0,1,1,6
7,0.5,94.527,0,0,0,0,1
7,0.5,90.761,0,0,0,0,2
7,0.5,94.184,0,0,0,0,3
7,0.5,99.157,0,0,0,0,4
7,0.5,101.48,0,0,0,0,5
7,0.5,107.15,0,0,0,0,6
7,1,93.974,0,0,0,0,1
7,1,86.754,0,0,0,0,2
7,1,83.864,0,0,0,0,3
7,1,81.767,0,0,0,0,4
7,1,101.37,0,0,0,0,5
7,1,101.18,0,0,0,0,6
7,2,106.56,0,0,0,0,1
7,2,115.19,0,0,0,0,2
7,2,58.376,0,0,0,0,3
7,2,67.302,0,0,0,0,4
7,2,97.754,0,0,0,0,5
7,2,103.21,0,0,0,0,6
7,4,100.12,0,0,0,0,1
7,4,78.638,0,0,0,0,2
7,4,45.521,0,0,0,0,3
7,4,51.417,0,0,0,0,4
7,4,82.615,0,0,0,0,5
7,4,103.45,0,0,0,0,6
7,8,115.51,0,0,0,0,1
7,8,86.011,0,0,0,0,2
7,8,30.01,0,0,0,0,3
7,8,30.539,0,0,0,0,4
7,8,63.122,0,0,0,0,5
7,8,97.077,0,0,0,0,6
7,16,92.478,0,0,0,0,1
7,16,59.412,0,0,0,0,2
7,16,22.835,0,0,0,0,3
7,16,18.613,0,0,0,0,4
7,16,55.97,0,0,0,0,5
7,16,133.76,0,0,0,0,6
7,24,84.082,0,0,0,0,1
7,24,51.536,0,0,0,0,2
7,24,22.499,0,0,0,0,3
7,24,18.768,0,0,0,0,4
7,24,43.06,0,0,0,0,5
7,24,89.163,0,0,0,0,6
8,0,0,1,0,1,1,1
8,0,0,10,0,1,1,2
8,0,0,100,0,1,1,3
8,0,0,1000,0,1,1,4
8,0,0,10000,0,1,1,5
8,0,0,1e+05,0,1,1,6
8,0.5,84.646,0,0,0,0,1
8,0.5,100.78,0,0,0,0,2
8,0.5,82.315,0,0,0,0,3
8,0.5,90.009,0,0,0,0,4
8,0.5,85.285,0,0,0,0,5
8,0.5,95.942,0,0,0,0,6
8,1,106.97,0,0,0,0,1
8,1,110.88,0,0,0,0,2
8,1,91.674,0,0,0,0,3
8,1,77.526,0,0,0,0,4
8,1,106.84,0,0,0,0,5
8,1,96.619,0,0,0,0,6
8,2,104.59,0,0,0,0,1
8,2,104.03,0,0,0,0,2
8,2,79.689,0,0,0,0,3
8,2,70.387,0,0,0,0,4
8,2,87.604,0,0,0,0,5
8,2,108.61,0,0,0,0,6
8,4,94.987,0,0,0,0,1
8,4,88.145,0,0,0,0,2
8,4,65.968,0,0,0,0,3
8,4,43.846,0,0,0,0,4
8,4,83.918,0,0,0,0,5
8,4,93.412,0,0,0,0,6
8,8,111.97,0,0,0,0,1
8,8,72.198,0,0,0,0,2
8,8,39.727,0,0,0,0,3
8,8,27.161,0,0,0,0,4
8,8,59.483,0,0,0,0,5
8,8,101.28,0,0,0,0,6
8,16,96.072,0,0,0,0,1
8,16,72.833,0,0,0,0,2
8,16,30.244,0,0,0,0,3
8,16,27.977,0,0,0,0,4
8,16,53.544,0,0,0,0,5
8,16,87.517,0,0,0,0,6
8,24,91.367,0,0,0,0,1
8,24,65.986,0,0,0,0,2
8,24,18.925,0,0,0,0,3
8,24,17.603,0,0,0,0,4
8,24,52.34,0,0,0,0,5
8,24,69.753,0,0,0,0,6
9,0,0,1,0,1,1,1
9,0,0,10,0,1,1,2
9,0,0,100,0,1,1,3
9,0,0,1000,0,1,1,4
9,0,0,10000,0,1,1,5
9,0,0,1e+05,0,1,1,6
9,0.5,99.35,0,0,0,0,1
9,0.5,102.21,0,0,0,0,2
9,0.5,88.412,0,0,0,0,3
9,0.5,92.239,0,0,0,0,4
9,0.5,92.319,0,0,0,0,5
9,0.5,86.464,0,0,0,0,6
9,1,84.35,0,0,0,0,1
9,1,92.924,0,0,0,0,2
9,1,97.421,0,0,0,0,3
9,1,82.827,0,0,0,0,4
9,1,95.852,0,0,0,0,5
9,1,113.5,0,0,0,0,6
9,2,87.1,0,0,0,0,1
9,2,92.378,0,0,0,0,2
9,2,68.49,0,0,0,0,3
9,2,66.609,0,0,0,0,4
9,2,97.953,0,0,0,0,5
9,2,109.75,0,0,0,0,6
9,4,99.357,0,0,0,0,1
9,4,84.363,0,0,0,0,2
9,4,66.626,0,0,0,0,3
9,4,53.605,0,0,0,0,4
9,4,91.675,0,0,0,0,5
9,4,101.44,0,0,0,0,6
9,8,103.9,0,0,0,0,1
9,8,80.16,0,0,0,0,2
9,8,51.186,0,0,0,0,3
9,8,35.972,0,0,0,0,4
9,8,72.006,0,0,0,0,5
9,8,88.733,0,0,0,0,6
9,16,92.476,0,0,0,0,1
9,16,71.075,0,0,0,0,2
9,16,31.149,0,0,0,0,3
9,16,25.369,0,0,0,0,4
9,16,45.779,0,0,0,0,5
9,16,106.49,0,0,0,0,6
9,24,91.128,0,0,0,0,1
9,24,65.507,0,0,0,0,2
9,24,28.103,0,0,0,0,3
9,24,17.388,0,0,0,0,4
9,24,47.956,0,0,0,0,5
9,24,83.014,0,0,0,0,6
10,0,0,1,0,1,1,1
10,0,0,10,0,1,1,2
10,0,0,100,0,1,1,3
10,0,0,1000,0,1,1,4
10,0,0,10000,0,1,1,5
10,0,0,1e+05,0,1,1,6
10,0.5,107.27,0,0,0,0,1
10,0.5,100.72,0,0,0,0,2
10,0.5,88.35,0,0,0,0,3
10,0.5,96.227,0,0,0,0,4
10,0.5,91.623,0,0,0,0,5
10,0.5,118.44,0,0,0,0,6
10,1,107.98,0,0,0,0,1
10,1,102.8,0,0,0,0,2
10,1,77.791,0,0,0,0,3
10,1,76.318,0,0,0,0,4
10,1,95.935,0,0,0,0,5
10,1,86.744,0,0,0,0,6
10,2,113.84,0,0,0,0,1
10,2,83.143,0,0,0,0,2
10,2,71.313,0,0,0,0,3
10,2,75.137,0,0,0,0,4
10,2,78.349,0,0,0,0,5
10,2,111,0,0,0,0,6
10,4,93.638,0,0,0,0,1
10,4,91.507,0,0,0,0,2
10,4,53.052,0,0,0,0,3
10,4,50.565,0,0,0,0,4
10,4,89.217,0,0,0,0,5
10,4,94.543,0,0,0,0,6
10,8,101.5,0,0,0,0,1
10,8,66.891,0,0,0,0,2
10,8,41.041,0,0,0,0,3
10,8,42.134,0,0,0,0,4
10,8,67.538,0,0,0,0,5
10,8,99.308,0,0,0,0,6
10,16,89.81,0,0,0,0,1
10,16,72.379,0,0,0,0,2
10,16,22.127,0,0,0,0,3
10,16,19.816,0,0,0,0,4
10,16,52.669,0,0,0,0,5
10,16,100.49,0,0,0,0,6
10,24,102.12,0,0,0,0,1
10,24,57.5,0,0,0,0,2
10,24,20.613,0,0,0,0,3
10,24,18.651,0,0,0,0,4
10,24,43.461,0,0,0,0,5
10,24,94.346,0,0,0,0,6
11,0,0,1,0,1,1,1
11,0,0,10,0,1,1,2
11,0,0,100,0,1,1,3
11,0,0,1000,0,1,1,4
11,0,0,10000,0,1,1,5
11,0,0,1e+05,0,1,1,6
11,0.5,97.751,0,0,0,0,1
11,0.5,94.213,0,0,0,0,2
11,0.5,96.173,0,0,0,0,3
11,0.5,81.911,0,0,0,0,4
11,0.5,96.145,0,0,0,0,5
11,0.5,84.28,0,0,0,0,6
11,1,86.478,0,0,0,0,1
11,1,110.85,0,0,0,0,2
11,1,90.214,0,0,0,0,3
11,1,94.696,0,0,0,0,4
11,1,102.85,0,0,0,0,5
11,1,93.063,0,0,0,0,6
11,2,94.64,0,0,0,0,1
11,2,78.797,0,0,0,0,2
11,2,76.839,0,0,0,0,3
11,2,79.386,0,0,0,0,4
11,2,102.82,0,0,0,0,5
11,2,117.82,0,0,0,0,6
11,4,88.989,0,0,0,0,1
11,4,95.225,0,0,0,0,2
11,4,72.74,0,0,0,0,3
11,4,57.986,0,0,0,0,4
11,4,89.949,0,0,0,0,5
11,4,99.156,0,0,0,0,6
11,8,91.261,0,0,0,0,1
11,8,88.843,0,0,0,0,2
11,8,46.243,0,0,0,0,3
11,8,50.402,0,0,0,0,4
11,8,62.833,0,0,0,0,5
11,8,92.12,0,0,0,0,6
11,16,107.84,0,0,0,0,1
11,16,66.937,0,0,0,0,2
11,16,28.454,0,0,0,0,3
11,16,22.346,0,0,0,0,4
11,16,61.974,0,0,0,0,5
11,16,85.26,0,0,0,0,6
11,24,96.375,0,0,0,0,1
11,24,74.736,0,0,0,0,2
11,24,22.256,0,0,0,0,3
11,24,16.903,0,0,0,0,4
11,24,52.763,0,0,0,0,5
11,24,93.649,0,0,0,0,6
12,0,0,1,0,1,1,1
12,0,0,10,0,1,1,2
12,0,0,100,0,1,1,3
12,0,0,1000,0,1,1,4
12,0,0,10000,0,1,1,5
12,0,0,1e+05,0,1,1,6
12,0.5,81.372,0,0,0,0,1
12,0.5,88.054,0,0,0,0,2
12,0.5,85.095,0,0,0,0,3
12,0.5,100.74,0,0,0,0,4
12,0.5,87.417,0,0,0,0,5
12,0.5,108.27,0,0,0,0,6
12,1,97.383,0,0,0,0,1
12,1,87.084,0,0,0,0,2
12,1,90.579,0,0,0,0,3
12,1,58.274,0,0,0,0,4
12,1,86.579,0,0,0,0,5
12,1,89.012,0,0,0,0,6
12,2,93.357,0,0,0,0,1
12,2,101.24,0,0,0,0,2
12,2,81.3,0,0,0,0,3
12,2,74.01,0,0,0,0,4
12,2,81.349,0,0,0,0,5
12,2,120.65,0,0,0,0,6
12,4,113.71,0,0,0,0,1
12,4,90.123,0,0,0,0,2
12,4,59.828,0,0,0,0,3
12,4,36.582,0,0,0,0,4
12,4,87.221,0,0,0,0,5
12,4,104.2,0,0,0,0,6
12,8,89.677,0,0,0,0,1
12,8,80.234,0,0,0,0,2
12,8,27.461,0,0,0,0,3
12,8,24.739,0,0,0,0,4
12,8,71.667,0,0,0,0,5
12,8,101.27,0,0,0,0,6
12,16,95.97,0,0,0,0,1
12,16,72.011,0,0,0,0,2
12,16,12.974,0,0,0,0,3
12,16,18.177,0,0,0,0,4
12,16,51.77,0,0,0,0,5
12,16,79.148,0,0,0,0,6
12,24,82.393,0,0,0,0,1
12,24,53.463,0,0,0,0,2
12,24,15.535,0,0,0,0,3
12,24,15.607,0,0,0,0,4
12,24,35.949,0,0,0,0,5
12,24,76.118,0,0,0,0,6
